time,x,y,z,x_rot,y_rot,z_rot
1690994460.1637166,3.0829146611763423,0.7213825491127447,0.2616452354823491,-0.009030457384969211,0.014289567340872828,1.5559198525104057
1690994460.165976,3.082646274348837,0.7217624732234228,0.2617831645080215,-0.008444417901824583,0.012760829351336997,1.5563320384952561
1690994460.1816928,3.082942233349465,0.7214200102506986,0.26172369851544,-0.008991152584384366,0.014244426955711386,1.5558947962655603
1690994460.1853158,3.0831218679183827,0.7216316528587022,0.26184528900194964,-0.009399809482273801,0.014303931879355105,1.5556662763028128
1690994460.2007713,3.0831029877314995,0.7215731255778011,0.2620888305568314,-0.009255079495826556,0.014355616821846832,1.5557404355262168
1690994460.2114635,3.0831390381059656,0.7217035969444325,0.26201273759369453,-0.009510957226482219,0.014523999633240895,1.5554426247268696
1690994460.2212725,3.0830032561003056,0.7215599527148322,0.26192466945107407,-0.009542548964691281,0.014411263514799806,1.5556327139732695
1690994460.223738,3.083055397948473,0.7216897856548531,0.2617795842421577,-0.0094402577250307,0.014387135791793173,1.555531024985331
1690994460.2410944,3.0829672039023706,0.7214926175760568,0.26175269493031256,-0.009301862349135567,0.014439950672727088,1.5557493377301772
1690994460.252324,3.0829789146168975,0.7214483378253644,0.26164432477873995,-0.009522333493865307,0.014519920778195288,1.5554832998911463
1690994460.2554371,3.0831440455715975,0.7213536092480138,0.26196099707728976,-0.008886609831938,0.0141330252462892,1.5560642749306628
1690994460.2720494,3.0828935589093325,0.7213472889987463,0.26176461251833605,-0.00918219050418088,0.014362597830728444,1.5558207655400176
1690994460.2824712,3.0831641639316545,0.7216100212647222,0.26199300737083336,-0.00926963421096576,0.014394035717797914,1.5557502769531584
1690994460.2914975,3.082979780948624,0.7216866789433677,0.2619014836219283,-0.009615757630984718,0.01444376441094692,1.5554551293212466
1690994460.3009932,3.0831251003766487,0.7218596281521596,0.261947118492986,-0.009872814682024722,0.01447928203253876,1.5552648587896916
1690994460.3129537,3.083013555287068,0.7216364297094152,0.2619409744148122,-0.009546057184179358,0.014586839471969761,1.555463902623742
1690994460.31539,3.0831039825898796,0.7214780518846947,0.2618307676245146,-0.009177331723230089,0.014295187522995991,1.5558411055946861
1690994460.3308,3.082662733899282,0.7215483856698054,0.2619492233527026,-0.008184724110293829,0.013041613478322956,1.5565136393996895
1690994460.341347,3.0826507093970705,0.7216416730295562,0.2618606997150079,-0.008085636856217436,0.012962197212085308,1.556535685930509
1690994460.3515096,3.083018953453594,0.7214750037768097,0.2618028095834661,-0.009072714556739848,0.01416422837008321,1.5559664035625331
1690994460.3613172,3.0829844462749656,0.7216479551031186,0.2618251153485988,-0.0094436129409566,0.014246385057603905,1.5555848393014857
1690994460.3637273,3.0831367923066075,0.7219308682302744,0.26198964721156914,-0.009866407247282006,0.014428218793462901,1.555229479332446
1690994460.3810062,3.083027760557987,0.7217206804052495,0.26204727929661764,-0.00959173133968148,0.014560484438084411,1.5554339812613933
1690994460.3833163,3.083180223157984,0.7215940905917846,0.26203010925887443,-0.009347792663324929,0.014544626911253905,1.5555888128910258
1690994460.4013076,3.0825789587025874,0.7214996430528705,0.26191726655517855,-0.00809487898731147,0.01299361721840503,1.5566164054679628
1690994460.4116664,3.082633616615184,0.7216152787415121,0.26167590905872135,-0.00846429531406557,0.01284308972661981,1.5564772653854988
1690994460.421723,3.082601697694991,0.7217787288920823,0.2618601001857923,-0.008297174264157667,0.012663595356214299,1.5566856857168825
1690994460.4250305,3.083040962828155,0.7217364530863714,0.261702458037567,-0.009834869798080246,0.014299722808270474,1.5554444322819727
1690994460.4410493,3.0830966576816103,0.7217490873443606,0.2621629023224867,-0.009679167402274974,0.014466506817991241,1.5554067740779627
1690994460.4514828,3.083234407936514,0.721846594620476,0.2621326065810846,-0.009362024962862881,0.014730189436208642,1.5554574299733068
1690994460.4608607,3.0831747379875445,0.7215323274649855,0.26213663400757625,-0.00926477884278236,0.014395646545530102,1.5557073468093419
1690994460.4633255,3.0826096272162435,0.7217524205930801,0.2617681495770862,-0.008534363266717733,0.012669546930055628,1.5564763940976527
1690994460.4808998,3.082582112307368,0.7215306114023166,0.26163422571892425,-0.008284952121388528,0.012909900112892472,1.5565239600508902
1690994460.4930289,3.082529767349793,0.7217900124146224,0.26164881814217533,-0.008940922558707244,0.012474277534252485,1.556525741477712
1690994460.502032,3.0830948197928225,0.7216843035938567,0.26177251276401037,-0.010971176960433057,0.014372009990351816,1.5560967751702346
1690994460.5108726,3.083206706834052,0.7220026548926936,0.26209410319633114,-0.013135049774303926,0.015203769543061402,1.557036878214145
1690994460.5212173,3.0833641887511596,0.7227061399406477,0.2620896369786994,-0.01703812652144805,0.01626660327206589,1.5586101876395027
1690994460.5311277,3.0830259460843945,0.7232227156147796,0.2620919596635102,-0.02046595498822053,0.015549285039006482,1.5618001539497306
1690994460.5443633,3.0832848218968145,0.7251242488519626,0.2621238282197152,-0.021783380715847143,0.016091452787052655,1.5635400698014053
1690994460.5521104,3.084068069664642,0.7279329538428679,0.26343040845426513,-0.02788298336655214,0.018472853605672634,1.559356543648583
1690994460.555051,3.0828598609367486,0.7317269964519342,0.2635342980477879,-0.028480217199008125,0.020854288879842864,1.5591714033047026
1690994460.5612972,3.083600663375943,0.7352162934389609,0.2638066850184434,-0.02834126193778564,0.01580230458183013,1.563320711227447
1690994460.5716498,3.0828355413667485,0.7397563731629833,0.26377297565457153,-0.026867661794122862,0.01600067296479985,1.5639510996207384
1690994460.5810218,3.0823184285113134,0.7449023586781938,0.26398861113172273,-0.024671896907903036,0.01622912592177851,1.562767018875457
1690994460.600725,3.082089730045117,0.7507684711781438,0.26360505105165905,-0.021046448173705358,0.015576749033985976,1.5634705871179864
1690994460.6115787,3.0819593067893534,0.7568946786464256,0.2634397922297563,-0.015200306724235777,0.01543628778657476,1.5625368220614264
1690994460.6137664,3.0812367734375465,0.7629239752226084,0.2624624247279778,-0.008679452470943708,0.01434802845653084,1.5634849539552522
1690994460.6210108,3.0817243003746424,0.7692939305327149,0.2621674510473645,-0.0028315391907828545,0.014502826348688934,1.5623311862344917
1690994460.6409185,3.0818612255036526,0.7753260198818241,0.2620620914525231,1.7775164342452375e-05,0.013192200232620887,1.5615862617037246
1690994460.6507955,3.081887581970071,0.7810249845114102,0.261786673494434,-0.000848318173237693,0.013923486593672976,1.5609823696924334
1690994460.6608353,3.081909845764775,0.7864717225733254,0.262083059171448,-0.002817122646894153,0.01365802145111879,1.5613695571833819
1690994460.6712651,3.0817752060185097,0.791428879723188,0.2627439590096362,-0.004069219225013659,0.015708294072679818,1.5619792972100284
1690994460.6812274,3.082158702139217,0.7962151068321566,0.26292492030883324,-0.007599907621049124,0.01353208831660141,1.5640062890690642
1690994460.7012265,3.0816513934983165,0.8005596084684715,0.2632964417080448,-0.0079977822118467,0.014369857346613184,1.5658099885803418
1690994460.7036383,3.0818843408727417,0.8052398165800887,0.2635911517211067,-0.008717510031366721,0.01539942651937111,1.566147769709223
1690994460.7036743,3.0817371944638356,0.8095154468600851,0.2634537485434546,-0.009024430968045912,0.015465257521710766,1.5663449539995051
1690994460.7211995,3.0817193905482894,0.8138235207468023,0.26321251779429167,-0.00848288431695385,0.014334670101317948,1.5654302588111544
1690994460.7234213,3.0816122371749137,0.818259228553579,0.26301097337007967,-0.005937341828108715,0.015019590092833582,1.5650876444943649
1690994460.7413857,3.081992043989073,0.8229185992791583,0.26277488210748096,-0.008068163129238172,0.014909632361482749,1.564134967852774
1690994460.7447658,3.081794690422388,0.8270735397949778,0.2631203595739888,-0.00811450490866407,0.015972678027147923,1.5627725214196075
1690994460.7608683,3.082235456248906,0.8315293233337312,0.2630486215144691,-0.010079604617194692,0.015793797655209284,1.562914572453638
1690994460.77156,3.0819696208018947,0.8351753985105554,0.26336004930788154,-0.009251318587229431,0.01610386674176844,1.5633340178439505
1690994460.7737381,3.0823033501341284,0.8394119288478936,0.2637872304186302,-0.008976987197122692,0.016413001038604918,1.563700876251445
1690994460.7917812,3.082379279768593,0.8435444901082272,0.26355171027722035,-0.01195554519900305,0.016305841993648592,1.5656875419386664
1690994460.8029642,3.0822765040499056,0.8477402872976584,0.2636228924599956,-0.012216161239218521,0.016499223781982215,1.5669021501404876
1690994460.8057451,3.082375238908829,0.8521192738751121,0.2638625567221363,-0.012073524151963872,0.016941424539842306,1.568677085792229
1690994460.820685,3.0822453157730587,0.8567414105632694,0.2640715452749396,-0.011292313119139287,0.018876215368601713,1.5690671215660243
1690994460.8308558,3.0782489225745033,0.8608135071348584,0.2705474452362156,0.026046265353647777,0.029578158788275157,1.5549770166018175
1690994460.8418,3.078072290994861,0.865516697165532,0.270467293862049,0.025950256698659142,0.02894283445989058,1.5552842945474956
1690994460.8441737,3.078200513005055,0.8703227735700129,0.2704391368717202,0.02693716874276403,0.028772451622947164,1.5553867915588542
1690994460.8516297,3.0780510480933914,0.8750394403344195,0.2703764868372991,0.02829506388614096,0.028803704690592766,1.5557971378340787
1690994460.8610144,3.0786175837450807,0.879468652704038,0.27098120617336563,0.0346912723811585,0.02716110175521015,1.5602367183419907
1690994460.8721962,3.078675868378322,0.8845092177547197,0.27089831082187693,0.03286112005184065,0.025321817783877786,1.5588270140131688
1690994460.8913107,3.078600669419785,0.889519285825033,0.2712916767256953,0.03530301153866706,0.02598007264439553,1.5594666825701147
1690994460.9031794,3.077838184546974,0.895160497120133,0.2706988345940583,0.02924538420438884,0.027414382626726914,1.55348924225166
1690994460.9055274,3.078129583079156,0.9002428601417345,0.2711242053896553,0.031718736307773804,0.027413294940875604,1.5549297838241083
1690994460.9218483,3.0782103439321054,0.9054970764379097,0.27122306610971375,0.03279795434298065,0.027752339308774417,1.5543806467386687
1690994460.923788,3.0776352087309147,0.9104014194463679,0.270415957871155,0.03016995368695791,0.028142455916378435,1.5528121928189966
1690994460.933504,3.07814587756258,0.9162169878017903,0.2717647518676808,0.031955702862336954,0.029518164933029237,1.55136136559907
1690994460.951141,3.0774306622512078,0.9206579533615903,0.27160349038583065,0.034490992558372915,0.03016480869915893,1.5529265692162626
1690994460.960756,3.0779351605242593,0.9257392216768493,0.2726540431691173,0.037830807990491364,0.030638981950487042,1.5545922323906316
1690994460.9718034,3.0779062421454304,0.9307072958712471,0.2724547340204687,0.033561902593749145,0.030468330223280313,1.5535794093633264
1690994460.9754386,3.077939797654445,0.935620787701672,0.27261356545031523,0.03344030384145311,0.03115987853243661,1.5535324121812744
1690994460.9812603,3.0773986804811955,0.9399367033988563,0.2727652630740706,0.0360012029779118,0.03239651971175483,1.5546588314407366
1690994460.9925184,3.077487497379667,0.9444485505434479,0.2728132484434185,0.03529383496956231,0.03248480801516023,1.5543952489130946
1690994461.012097,3.0775307667145375,0.9483210093259983,0.272103792307778,0.03230904441568791,0.030032200646321897,1.5554425136729801
1690994461.0145023,3.0773999059778956,0.9526238673223401,0.2719791025754737,0.031834273492812815,0.030468683767590266,1.5543636741084723
1690994461.0314107,3.077248030168112,0.9569861969245941,0.27182765382763324,0.033000073691827905,0.03091194403199592,1.5556871748546348
1690994461.0337927,3.077600098536767,0.9614613577871426,0.2718912799175779,0.03581229499921421,0.02778819716907449,1.5612599727726815
1690994461.0520716,3.0776819788143075,0.9663339536299939,0.27203525045888577,0.03581564462404425,0.02757445370994835,1.5620782348702267
1690994461.0608852,3.0760848575499886,0.969140048846619,0.2692606420558662,0.030933056989870367,0.025111132324207797,1.5630933121579371
1690994461.072283,3.0762327916230117,0.974000971831382,0.2693768906774157,0.030984181437802096,0.025867025461308035,1.5630149632157888
1690994461.0753393,3.0773277122679747,0.9785340097200113,0.27003462817449964,0.03119516653394378,0.026575735363225408,1.5632957259749864
1690994461.0825675,3.0774651837559666,0.9834455065429343,0.2699957456939608,0.03128019112879751,0.02703032843289631,1.5631786431406167
1690994461.100982,3.077242980698593,0.9878648083159473,0.2691022296385528,0.0253065419340649,0.022647691368711816,1.5599675241147022
1690994461.1031654,3.077135652395458,0.9927889962978581,0.26884469478258594,0.025180353589998088,0.022104544433179864,1.559930711966384
1690994461.111478,3.0768022619362094,0.9975465823991579,0.26949175109599316,0.03003564409145318,0.026382993050337273,1.5607058706124644
1690994461.1216002,3.076801801000384,1.0023884747745653,0.2694743452778799,0.031397423556978846,0.027563953618008744,1.5607228615436577
1690994461.1413102,3.076812011095152,1.0069493389389974,0.26962931300327037,0.030741643363950636,0.02705246627577652,1.561055592315911
1690994461.1521387,3.0771922380701997,1.011653648276886,0.27031866640777624,0.03349183757005618,0.026134127735784576,1.562542532387425
1690994461.1546926,3.076688703359079,1.0162720400893013,0.2695315350337802,0.030083884875390026,0.02539601454066673,1.5611193442714717
1690994461.1714947,3.076410817618452,1.0208072040942497,0.2696096320326151,0.031144095508792918,0.02595244345914108,1.5616592155960802
1690994461.1746814,3.076498678896423,1.0255478318399456,0.2698503514194657,0.033163261423108104,0.025701671497950468,1.5647299561073655
1690994461.191245,3.0763704713591804,1.030061526792031,0.26956915035949264,0.030418278224015806,0.023260115241592577,1.5644119637872942
1690994461.2022827,3.0759113195086165,1.034612216698965,0.2696766536070915,0.032926082182063,0.024475072541600366,1.5653800688705863
1690994461.2131224,3.0760194587776644,1.0391158852005256,0.26948007101066684,0.03063811260562121,0.0215299464218055,1.565337432749581
1690994461.2207637,3.0755943201946305,1.0437493456272195,0.2698253285999054,0.03296720053979117,0.024195905650264134,1.5660476058716557
1690994461.2312577,3.0754699480295296,1.0484658223238776,0.2699102191188799,0.03304205026344145,0.02459686892436969,1.5661417552403272
1690994461.241154,3.075349293456139,1.0530851769895364,0.2699372927704658,0.0320412925485119,0.02443817179669514,1.5662737850109065
1690994461.250985,3.0754046131000563,1.0576897873950926,0.27002913577638316,0.03278711037546132,0.024007397042673486,1.5675544716765832
1690994461.2611585,3.0752303200659363,1.0623030103009607,0.2701640805962818,0.033430655843647065,0.02449857221603255,1.5674353338841778
1690994461.271463,3.078412180455429,1.0684860562761465,0.26369353368377135,-0.0031441579140442395,0.016016896041268543,1.581159546493216
1690994461.2813447,3.0790729637043492,1.0734708798378905,0.2641295010501159,-0.002868448069861925,0.014959836061145553,1.583303939885357
1690994461.2914371,3.078809120457969,1.0781872048626253,0.26388345671601143,-0.002076927079339638,0.015118694606120609,1.5832655944024945
1690994461.3012984,3.078598529305257,1.0830279670113399,0.2640135337247583,-0.0034069573795856207,0.015774606817829134,1.581874235676097
1690994461.303206,3.0785157620336103,1.0877782550259556,0.26397517580067736,-0.002496333329549211,0.015984070391504828,1.581907596568829
1690994461.3134131,3.0790912975941804,1.0924796647247947,0.2643756260695501,-0.0029953365620104715,0.015535169365208061,1.5813263613961672
1690994461.322436,3.078098018144607,1.0975965872974756,0.26463273285740463,-0.0025588944985842628,0.017804691816693977,1.5809770894482675
1690994461.341503,3.074370560946099,1.1009103333807704,0.27139731018129887,0.03903146701894449,0.028361903997657645,1.5675434238608705
1690994461.3518105,3.074396914444411,1.1052726982643335,0.27133283854520146,0.040716110207855434,0.02504646759974192,1.5712594832052345
1690994461.3557742,3.0741775516785816,1.1093216865663915,0.2700614815299447,0.03492882664699473,0.024198585544810403,1.5701161928656948
1690994461.3713644,3.0739601600620605,1.1142062762984328,0.27015255183104453,0.03424203132842605,0.0245499120409767,1.5699648655857776
1690994461.3812366,3.073935464211305,1.1187999354350404,0.27023315579891194,0.03450556533596299,0.024731303181137813,1.5707449664897608
1690994461.3836198,3.074499337477018,1.1234806947854306,0.2712287625861907,0.038338390236030105,0.02481448117205058,1.5729328829906495
1690994461.4021409,3.074112721975315,1.1281545770027914,0.2710648571668705,0.041024875800847176,0.022504395297799157,1.5744337960729322
1690994461.4113386,3.0738780683650644,1.1329604696178377,0.2711280005083508,0.03648588326815215,0.024613100931232246,1.5681010444340364
1690994461.4210527,3.0738043257196423,1.1374326488803836,0.2712463125605804,0.04244585239360509,0.024085422310928837,1.5728666818846122
1690994461.423403,3.0733555843812623,1.1420964197060581,0.2702306202832558,0.036201226794722804,0.023969044255772922,1.5717383076844436
1690994461.431351,3.0731468727791014,1.146750212865246,0.27007788604475697,0.03350761214488602,0.024217467738884307,1.5686241058021093
1690994461.4411855,3.0731463255019613,1.1512135504954388,0.27058360049595703,0.034592906677737886,0.024247706450096624,1.5712635747360801
1690994461.4613218,3.0733291193020436,1.1556244790872896,0.2702206916922985,0.030578811006278652,0.021317311798808435,1.570563108218202
1690994461.463672,3.0732836673314554,1.1601289750193386,0.27170595763825584,0.03954620533357845,0.022762939969782632,1.574163670239981
1690994461.4714296,3.0726821534575355,1.1650147029380735,0.271744509646733,0.0368625840701178,0.02635737756886911,1.5703778628954432
1690994461.4917202,3.072194931538577,1.170833248525196,0.27239038910227126,0.036830201200011764,0.0279259769356572,1.5690851455880113
1690994461.5012062,3.075705632458519,1.1752832516103882,0.2644148722776467,-0.003676571503914268,0.014415031828143214,1.5869648997999874
1690994461.5113683,3.075864140582069,1.180164170487463,0.2647631438578223,-0.004535238498662097,0.014734277286758886,1.5864656088453482
1690994461.516567,3.0757539070792212,1.184813853713524,0.26471222235994046,-0.004378226328528861,0.014997252224970467,1.5872916784728466
1690994461.5231962,3.0756303221889487,1.189400715310608,0.26450771999816547,-0.004105984294440964,0.013562739218266841,1.5881806890393844
1690994461.5419118,3.0754554125591627,1.1939460906387427,0.26428352535951527,-0.0036518214772528856,0.013451111675166974,1.5888611455957051
1690994461.5435731,3.0750229955082435,1.199423526772131,0.2643046034896625,-0.002057607917874482,0.014935732878656831,1.5880341743620598
1690994461.5606747,3.075622744458931,1.2045267890042017,0.2649972531833487,-0.0032839563217054325,0.016001899993288295,1.5869664239847754
1690994461.571995,3.075019001337596,1.2088017479783446,0.26449747594368095,-0.002701969191531259,0.019280570568422802,1.5869159003838857
1690994461.5749002,3.075255344437037,1.2138048407125266,0.2651544975321942,-0.004078892592184004,0.02098733807852597,1.5855112345463342
1690994461.5817685,3.0749417848193557,1.217549993400458,0.26423180229388815,-0.0012254496924852545,0.015557905995181486,1.5902047984057972
1690994461.6013105,3.0753684477719743,1.222438010372746,0.2644346404221186,-0.0009281291600730776,0.015141818351610124,1.5903553682533642
1690994461.6037965,3.074709677248649,1.226911582342825,0.26400357586204043,-0.0019358913539218752,0.014056339389887635,1.5884376303779995
1690994461.6223843,3.0746983926050873,1.231549914718511,0.26405400396003925,-0.0020261132040182675,0.015327757765775357,1.588279667062816
1690994461.6319928,3.074671345931521,1.2359815316866452,0.26429008566544165,-0.002419284045259894,0.015808912817959587,1.587753025770723
1690994461.642748,3.0748255186570583,1.2407534367297992,0.2644056348545308,-0.0033352567323247473,0.016350321694586875,1.5872399633782397
1690994461.645326,3.075344468789408,1.2459091852330468,0.26515697680843825,-0.004484201549944599,0.020188379274958236,1.5857063940823406
1690994461.653083,3.0748986931539424,1.250326445032326,0.2648884222827308,-0.005179597088653468,0.01997733750835039,1.5848554743640888
1690994461.660931,3.0742143484453197,1.2548581627960644,0.26454667876896676,-0.004521207391470512,0.021183985766033784,1.5851071525949543
1690994461.6812418,3.0741080302607124,1.2588945046966253,0.26383046990979087,-0.002426435609874419,0.015652439623182808,1.5886858965866786
1690994461.6908154,3.0740845522306532,1.2636412228099234,0.26390474361065575,-0.002102434850438408,0.015659093603816683,1.5885754277625845
1690994461.7014074,3.073736270041836,1.2682064902271908,0.26365445832290524,-0.0011873578368243713,0.013140333180529092,1.588947760647613
1690994461.7115371,3.0741717309347973,1.2733763523694466,0.26481999042500104,-0.0036619045812094062,0.01841899030931002,1.5854663761419927
1690994461.7243927,3.0730995824072265,1.278041706931892,0.26460305884945423,-0.0020986624653803357,0.017315255628347497,1.5875033601909478
1690994461.730932,3.072891320982875,1.2827279025894553,0.2644160840618689,-0.002196970112891177,0.0169111726834107,1.587619001416842
1690994461.7413862,3.072656649667846,1.2869828476298792,0.26358009982058533,-0.0023043879778029833,0.010000706966609204,1.5910036137264592
1690994461.743755,3.072676590052977,1.2912464671078245,0.2635298263903035,-0.0017727120542316102,0.013944562713249058,1.5885084971906662
1690994461.7612534,3.072430520708405,1.2959069569561759,0.2636311953802061,-0.0029061280761218497,0.013533646559350547,1.5880753218914243
1690994461.771661,3.0724969986373396,1.3003264982243616,0.2637242463810023,-0.002384478068908392,0.014116827787422225,1.5886231242062083
1690994461.7814653,3.072274926405424,1.3047507097269009,0.2637786895629062,-0.002633858028812147,0.014155152988356913,1.588514463379141
1690994461.7911975,3.0726318665350942,1.3102100438353037,0.2646230494659127,-0.004099202652713239,0.014967103770885289,1.586479011284167
1690994461.7937317,3.0718300046270217,1.3145988551413745,0.2640722163372603,-0.0028684306761183167,0.0141727856232391,1.5876602686179
1690994461.8120983,3.071995728247724,1.3186560626541752,0.2637629860850293,-0.002956207559601826,0.014010241468332763,1.5887995685373104
1690994461.8210301,3.0718268432495677,1.3231539165976707,0.2636948032695313,-0.0030081315939470615,0.013449292296093,1.5896888471348491
1690994461.8308177,3.071731234451549,1.3277603262040372,0.26389213457234056,-0.0035079113590265874,0.013652816902615663,1.5898291195426417
1690994461.841202,3.072225892532079,1.3323568590178971,0.26418743186330274,-0.0028512043766131248,0.014811954691610047,1.5911945804238543
1690994461.8513322,3.0717523237692337,1.3354031236607027,0.2637172474622534,-0.00223602198644481,0.01437492178006517,1.5912240287894508
1690994461.8615997,3.0720176184813295,1.3400789096967054,0.26362796023219676,-0.0015940953813427148,0.013385615389050956,1.5929314015580287
1690994461.8639839,3.0710193394138705,1.34634384340479,0.2643981037451234,-0.0027198314134893303,0.015936001639760042,1.5890609141516538
1690994461.8715599,3.070976416303998,1.3512390519646083,0.26449028642763533,-0.002673696106154585,0.016765115868590034,1.589106770427604
1690994461.8910108,3.0712329059753944,1.3557595121101513,0.26503062191579546,-0.004905836673047663,0.02031127398115274,1.5869242401410468
1690994461.90113,3.0711187544664584,1.359871674895995,0.2643846380166121,-0.003586954038673124,0.015324493110337262,1.589648804888936
1690994461.9035819,3.071101957063811,1.3644300495592725,0.2645178759762227,-0.003916265489142885,0.01498756543039123,1.5895585897602456
1690994461.9210112,3.0707132779659405,1.3687522746560226,0.26411269586131836,-0.0026110735799347827,0.01423176571167185,1.590152064370773
1690994461.9315946,3.070446839093398,1.3731587458908119,0.2642602925030539,-0.0034443128915187184,0.018962499154949762,1.5884287247138986
1690994461.941737,3.070748139254622,1.377299333779176,0.2643090953514042,-0.0029674602379652533,0.019574225470459002,1.5882593119121695
1690994461.9515843,3.0700350217765835,1.3814269792877234,0.2631230560605338,-0.0012107735188273169,0.012296930217202903,1.5920432598391088
1690994461.9611971,3.0705768550463146,1.3861587988616317,0.2640630809010064,-0.0023274533030523967,0.014991211157054467,1.591215177818438
1690994461.9817662,3.0704545765410662,1.3908125826808655,0.26370381437835183,-0.002608668001223493,0.012512620141586838,1.591093010948814
1690994461.9848711,3.0704822678137167,1.3953639857558382,0.2641258525977716,-0.0027244192444555626,0.015400903747949913,1.590607401462668
1690994461.9849167,3.070218444521862,1.4000099299657085,0.2638125014290523,-0.0023684721287890132,0.015633968299313874,1.5905529054763798
1690994462.0011835,3.070561641678037,1.404770673491334,0.26376709907980295,-0.002016741197344857,0.013131922216405897,1.5917750047947898
1690994462.0034642,3.0700576332114156,1.409206078821303,0.2635425882925747,-0.0023034778355942942,0.014528033608169774,1.590953850078389
1690994462.0214095,3.0705840892878746,1.414003471518282,0.26394708988529386,-0.0027675891506328894,0.013260140645069848,1.5911480018279218
1690994462.0237186,3.0703588931603103,1.4184317336246324,0.26404855017650725,-0.002276484914686252,0.0155713745114127,1.5918808821900432
1690994462.0429761,3.070222813461103,1.4231120445309646,0.2642125570183335,-0.0032920484378127397,0.01606474790923469,1.5903104683895153
1690994462.0519252,3.0697190451337466,1.427612830961475,0.26396714309947733,-0.0025865661425807603,0.016012644712128786,1.590464723998772
1690994462.0541735,3.069561899581467,1.4323491516557352,0.26391204156095077,-0.002912121441508612,0.015588153850315138,1.5904593142134624
1690994462.0616715,3.069676149582708,1.436966558506343,0.26405120955520855,-0.002333074049373987,0.01546029015978629,1.5919697112323046
1690994462.0810099,3.06936696580748,1.4415289188969553,0.26396713522567805,-0.002259355134363443,0.015140050489839501,1.59054223943429
1690994462.0913253,3.069660728732671,1.4462766067597743,0.2642133137955308,-0.0004487404324286556,0.016119663399031783,1.59210735931738
1690994462.1013572,3.0692065204774504,1.4505653448605926,0.26394610327119056,-0.0019886144375648234,0.015176055115481061,1.5910488862859533
1690994462.1062636,3.0691003531430385,1.4551139790653387,0.26414070925364586,-0.0025594008480772468,0.01611205842739973,1.5907733045096777
1690994462.1212316,3.069056710391601,1.4598351471007365,0.2639718878893829,-0.002548382933935929,0.0161972892757094,1.5913942005831072
1690994462.1308165,3.069072332266933,1.464396865418641,0.2640717899532905,-0.003703679283873158,0.015716307112148067,1.5906142806270582
1690994462.141847,3.0689156323809086,1.4692381809807016,0.2640448771810885,-0.0034751578411155713,0.01714204212644777,1.590704734931272
1690994462.144198,3.0688662216367786,1.4739224278783536,0.26393418189352175,-0.003767666157004783,0.014508187376775512,1.590563498097617
1690994462.1613705,3.068657168587614,1.4784547829509576,0.26415770722372905,-0.0031179443256545724,0.01679367229254392,1.5907988160663569
1690994462.1660428,3.0684875499045225,1.4830602134979085,0.2637186458433495,-0.0026532352849808253,0.013858378341533325,1.5911145862886615
1690994462.181323,3.0682946265153985,1.4881350493490204,0.2645235473058385,-0.0038577384542833122,0.019550386756659658,1.5882964285961862
1690994462.1917202,3.0676195543273743,1.4940896008682751,0.26465740364161605,-0.002783032155178111,0.017839882279081634,1.5888399244368396
1690994462.1940894,3.067563284691801,1.4988402018222908,0.26498363808136643,-0.003330248827292322,0.017782136225167257,1.5886930644227948
1690994462.2110233,3.067340097538851,1.5033123301490283,0.26479047380076887,-0.004092810002154045,0.020995997037777145,1.587276499757801
1690994462.2213552,3.06670415090863,1.508098033621634,0.2645887399036718,-0.004671389843620029,0.018732244409332563,1.5874227190662702
1690994462.2310112,3.0672398688006277,1.5109746065245355,0.26373808830639395,-0.002755626357506129,0.013790532774978864,1.5912869576135589
1690994462.2407286,3.0674160312236554,1.5157901484667076,0.2637498538360315,-0.0032550047740484223,0.013070170968402935,1.5904969942825886
1690994462.2512014,3.066741492885196,1.5221826883051954,0.26463549810454734,-0.0029892986799764684,0.01629879857275371,1.5889590281406858
1690994462.261273,3.0665870861696396,1.526693777434337,0.2642079048784403,-0.002649153572092391,0.015098170214507349,1.5887433600151524
1690994462.2635353,3.066551565364214,1.5313635847575988,0.26450569674189345,-0.002590065152926823,0.01617575953080758,1.5890284522322318
1690994462.2812011,3.0668059145352142,1.534249583180395,0.26347237109605476,-0.0019104247874951298,0.01344692392645922,1.590700909152368
1690994462.2910073,3.0667433248149956,1.5389252008245067,0.2637621754728837,-0.001351900515543371,0.015604588280666559,1.5910390427799332
1690994462.3014722,3.0667491200578847,1.5436310961204978,0.26376721385123064,-0.001699252584628534,0.016312997894032746,1.5900077637749754
1690994462.304139,3.0662499374621954,1.5481427376336918,0.26371911099770046,-0.001332688047388698,0.016765306496750263,1.5909762976202362
1690994462.3111014,3.066882215616029,1.5528226193042434,0.26373476586812167,-0.001054298956777125,0.01550963242701041,1.5913767160243628
1690994462.3213804,3.0663820102070116,1.5574425578311502,0.2642539137772187,-0.002120327646977351,0.020574466085637358,1.5880787122935776
1690994462.3413174,3.065735353904534,1.5633310476970983,0.2641525915355116,-0.0017365019964977837,0.017600617749976018,1.5884054461632868
1690994462.3430905,3.0657213981119407,1.568495026958551,0.2643635709752983,-0.0012505458137206358,0.01886708794535531,1.5877167155240322
1690994462.3613544,3.065588047139095,1.572613051540989,0.26422800771717175,-0.002810892741895004,0.020596795361155475,1.5868374771275366
1690994462.3709626,3.0657131480086877,1.5773784213207462,0.2645910479709879,-0.0036411886869685537,0.022934146555828736,1.5859429972065546
1690994462.3825974,3.0650472122675616,1.5813854940307734,0.26371578948919333,-0.0019276675091910672,0.016725717309900173,1.5896282255231373
1690994462.3844607,3.0660375878557695,1.5848476985272817,0.2636199841069058,-0.0010128287633540637,0.016087157133277505,1.5914484764095522
1690994462.3916416,3.0654294977936565,1.5893255155609907,0.2634916803755839,-0.00031425683920365265,0.015747156435871833,1.5922633212182185
1690994462.4011838,3.065251859100522,1.594461243224532,0.2640221489417025,-0.0012606883344750998,0.017536998178286148,1.5892052226917217
1690994462.4211838,3.064731711826539,1.6001792926159297,0.26458941600871866,-0.0017347107489571064,0.01836263574972695,1.5880687400018623
1690994462.4236648,3.0640564875579943,1.6051734242664015,0.26428959147932474,-0.0008766688132809382,0.014683211580403529,1.5885819426049534
1690994462.4324381,3.064638375580278,1.6078417809252619,0.2637218058836986,-0.0009059385583687681,0.014820435422685666,1.5902371686967087
1690994462.441917,3.0643397122508955,1.6124929545615805,0.26328821868342656,-0.0007681322780256515,0.01228712606321069,1.5899550934573017
1690994462.4514618,3.063808010843326,1.6169964787449398,0.26370166778707954,0.0004870595500789175,0.014090593236620493,1.5908959967740934
1690994462.471301,3.0633329342532187,1.6215064550395193,0.26319509670295305,0.0006561180720978564,0.012020315445276574,1.5910410293247415
1690994462.480926,3.063618003644779,1.6263884383567455,0.26423093509357803,-0.0008969256834421815,0.01882376632349045,1.5878380264479617
1690994462.4908416,3.0591681790728034,1.6312004014943782,0.27133557416096465,0.03866442530735835,0.02685978341199596,1.5726833666543178
1690994462.5011616,3.059217059271454,1.6359881013087352,0.27165219313157285,0.03983545988517479,0.027474895499109298,1.5727079074903807
1690994462.5034935,3.0590846294292424,1.64059106615213,0.2719485357660424,0.04073709435737438,0.02768482514244328,1.573264607914372
1690994462.511345,3.059076208817136,1.6452811040363453,0.2719919406413463,0.04054462529572073,0.028599481833416308,1.5727867183595714
1690994462.5213745,3.0590475323149815,1.6495755985533638,0.27202559315943564,0.04108334423089013,0.027611737180868606,1.573606207789071
1690994462.5406647,3.0588506006419856,1.6544497347252285,0.2715992959552437,0.0395490279276602,0.02684955875636464,1.5719977562656344
1690994462.5510957,3.0589121408125486,1.6588237003025064,0.27189354582058567,0.03969155884724771,0.028633617392601705,1.5722393298642245
1690994462.5611105,3.058756630042572,1.663310678156493,0.2712677556354988,0.03896593485083406,0.026320772269407208,1.571368081705811
1690994462.5717316,3.0628455393440244,1.6693569408675617,0.2646631593120356,-0.0023501303309339996,0.014795360928490923,1.5897299657925983
1690994462.5739548,3.062404571947471,1.6739518393823212,0.26459895346942136,-0.0025233296712181986,0.015898862706163218,1.5872227343164678
1690994462.5814736,3.062389698798441,1.6787663439484395,0.2649661698907207,-0.0019475692274322817,0.015845015063440097,1.5897753631465812
1690994462.6009185,3.0597602358229095,1.6811273455381814,0.27328439809527405,0.05079372842321389,0.026145718287141996,1.5791748501429028
1690994462.61163,3.0621166235435866,1.6877354296633216,0.2648107695970622,-0.0028998076621388194,0.01882539930294119,1.5862846239283237
1690994462.6137986,3.0617688378860723,1.6924820722759555,0.26463751135996705,-0.002414887984368526,0.017608310457519552,1.5871178218124584
1690994462.6316395,3.0615140635445353,1.6970063016306531,0.2646179343020537,-0.0022194977189280885,0.019220194486592075,1.5876721911539022
1690994462.6348145,3.061370861293137,1.7015225419557083,0.2643687005743825,-0.0020025263698657276,0.016391540977491587,1.5884427424085938
1690994462.6442938,3.061072040810576,1.705658289195652,0.2644676828903991,-0.0002960463119860371,0.01573881839153725,1.5905928722460911
1690994462.6610258,3.057780413042572,1.7093176135016672,0.2716012020486307,0.03973099460463214,0.02521085321772921,1.5748183703846366
1690994462.6722422,3.0567375711457094,1.7153050762095878,0.2721410602051344,0.03971678161622429,0.02834413164732333,1.5728823708423316
1690994462.674963,3.056547679305458,1.7200369969985814,0.2720918461669153,0.04070919210249844,0.027388934201504338,1.5736663611391715
1690994462.6813617,3.0561963319406713,1.7245973092312652,0.2712212699379022,0.031077316492246206,0.02954338579500868,1.5688065142644951
1690994462.7013752,3.0561010235685155,1.7283426192443387,0.27070868786106067,0.031596633129018704,0.026575301081312848,1.5712228313999974
1690994462.7036982,3.0560412024578882,1.7327559545315587,0.27068342604726614,0.031406497649302825,0.02593120979281134,1.570502440456657
1690994462.7213483,3.0571109372520247,1.7367580568640764,0.2719659317253946,0.037350614859622135,0.026183965451732266,1.5745688001687832
1690994462.7314186,3.057609568877227,1.741125170907393,0.27306814075647723,0.042852297843718704,0.027790427096720423,1.5780607127029171
1690994462.7414153,3.0601371011751866,1.7472791459426267,0.26492389773845504,-0.0038549048428405575,0.01968784009055669,1.5874722482736514
1690994462.7454333,3.0600947513266896,1.752055738206166,0.2646716515848598,-0.002470067173544981,0.013807390617177517,1.5913036286556692
1690994462.7622852,3.059695063789226,1.7561479780372382,0.2640590930417573,-0.0026994765513585067,0.010308636954035891,1.5931984677990954
1690994462.7647655,3.059803527871264,1.7600848694292022,0.2642934350033577,-0.0022758374513279184,0.012237448155405097,1.5926960730352087
1690994462.7714016,3.059524013054496,1.764520975079719,0.2639381746592947,-0.0019860150618734884,0.011664558321596283,1.5925590515835772
1690994462.791792,3.059529729190384,1.7695734911617702,0.26454220852435184,-0.0014719271728891945,0.013574113929692013,1.5921805295125653
1690994462.8019197,3.059123602790214,1.7740986598977202,0.2641153828645394,-0.0022574415078531907,0.015080784515776342,1.591159526542202
1690994462.8042111,3.0592558787042035,1.7792094335025106,0.26450807982870245,-0.001840408001616723,0.013977863620720411,1.5926105809727795
1690994462.82066,3.059225061084877,1.7834061144597328,0.2641919560367309,-0.0017589351212488416,0.014155692258990826,1.5930456324434714
1690994462.8316395,3.0592443824798545,1.7881240482769674,0.26424248306804926,-0.0015101112630858371,0.013419018825107343,1.5932845051496864
1690994462.8412209,3.0587837451075304,1.7945935163973592,0.265256071102295,-0.002389399841455128,0.02053641652698832,1.5886721637910888
1690994462.8511503,3.058997182163776,1.798951182186725,0.26507167381330554,-0.0025503804154644893,0.014194136419214664,1.5924223844369674
1690994462.8607216,3.0589195531877404,1.8021092165572548,0.26476980967341396,-0.0016637702694395876,0.018416258306196556,1.591851149709369
1690994462.8718286,3.0563086841608085,1.8059438168680986,0.2720196777127831,0.04272885651955103,0.023918559730737497,1.5826833662743571
1690994462.8816159,3.0563080840261883,1.8110151188147774,0.2737625584441621,0.04565924655967596,0.03201419037109359,1.581431028112184
1690994462.884159,3.0555920337490385,1.8152875113264662,0.2732260381681933,0.05056944719070782,0.026700153871359995,1.5857936543621673
1690994462.9012363,3.055788512226266,1.8201315531927524,0.2740025265012245,0.052373534124849186,0.0279386036794546,1.5840980062823946
1690994462.9030101,3.0527897104481503,1.8240217310998632,0.26930628849377575,0.03140560624738615,0.02405654410387223,1.5736096073098442
1690994462.9218085,3.052341669176153,1.830594108768808,0.26983052358352866,0.03202375559231102,0.02710421650410132,1.5714196956390583
1690994462.9238296,3.052940067906784,1.8340019098305398,0.2699613611289791,0.03152972112400788,0.02883602710461314,1.5693493681691753
1690994462.9407222,3.0536315953695325,1.8391889625620255,0.26980486203191734,0.030318947155902564,0.02462037073694104,1.5722274880822027
1690994462.9533482,3.0574616525570364,1.8454679907546447,0.2642222331666073,-0.003415942281617381,0.016207946641823782,1.5889834217128775
1690994462.961446,3.056876398457971,1.8503684356687657,0.26409718219720135,-0.0034784584004896872,0.01612974897345344,1.5887678912376337
1690994462.963788,3.0565305765919843,1.8541840397512352,0.26333280169572326,-0.0009035449486269674,0.0127240537304136,1.5920903993430617
1690994462.9713361,3.050635294125271,1.857772801653146,0.26892374537940267,0.0368913572353631,0.0246309695928624,1.5711427238824647
1690994462.9814026,3.0523455365887946,1.8616962081913688,0.2693068367518564,0.03218097112034184,0.020942337880777998,1.575831634971913
1690994462.9916227,3.051399802958479,1.866293125874061,0.2691316328293163,0.031276098304983534,0.02239996163498809,1.5714017913920033
1690994463.0024936,3.051825980628215,1.8709887152039424,0.269239440975098,0.03169597216884038,0.02069806258315075,1.5757838092531695
1690994463.0211663,3.051645942278931,1.8756238218608519,0.2692462136496621,0.03122234503297108,0.021117736372202406,1.575395118831511
1690994463.0234926,3.0522256621110437,1.880525570730246,0.2702910157259938,0.029688168854939825,0.025331918109604938,1.5726875476732092
1690994463.0317748,3.056249579067408,1.8856377241854554,0.2642216045719926,-0.004893347099540184,0.01611478850430302,1.5908266080980675
1690994463.0416784,3.0511063737421242,1.8902219211146343,0.27012809034511215,0.02914997943202543,0.02501986474297322,1.5733607877112574
1690994463.0532234,3.0507264918673718,1.8949097206868444,0.27033986607051774,0.028955220548520292,0.026061195305946312,1.5731356386389896
1690994463.0612757,3.0510693626997956,1.8997115016899344,0.270529952386853,0.028908238792883165,0.026847255009478037,1.5727506202512374
1690994463.0716455,3.051067182962285,1.904392116593475,0.27087177751540603,0.02842810135072402,0.028072637844136272,1.5722249669495691
1690994463.0814075,3.0508981647565374,1.9088800795030765,0.27079259988018084,0.02935515324512429,0.027280589026150995,1.573197387042755
1690994463.092062,3.051182563851773,1.912886642093741,0.2705065502107724,0.02869185641983559,0.02454127615858523,1.5741577039566153
1690994463.1008763,3.0509820399366836,1.9174688824184203,0.2704586709868569,0.02936050037232293,0.02442378798693919,1.5750165002566796
1690994463.1209772,3.0549607602680804,1.924441526737045,0.2644423050977244,-0.0028623097963286492,0.015290012241229198,1.5921968648287959
1690994463.131214,3.054424259507017,1.9281815006662923,0.26433721885112643,-0.003378141993945147,0.015889319294531454,1.5923022924308161
1690994463.142658,3.0545223572073925,1.9326041514044456,0.26393486607667865,-0.0032553381189002802,0.011803206943874578,1.5935186796754284
1690994463.150989,3.0547190146167336,1.9366595529148303,0.2641476968917049,-0.0033964337220960326,0.012002611385747352,1.5939159463768653
1690994463.1614485,3.0546805364664733,1.9412482618226174,0.2641010715320637,-0.003846653797915364,0.010718143083464962,1.5937364027647345
1690994463.171347,3.0545900495091116,1.9457427642397835,0.264258297623966,-0.0038371842386725596,0.011558352218681428,1.593639884901436
1690994463.1807485,3.0544217707800345,1.9505789488024008,0.264717057205291,-0.0030622014021939033,0.017005515883979565,1.5923718419180422
1690994463.1913445,3.0500094747020836,1.954717806102076,0.270469033985733,0.029857415171780755,0.024176661031682704,1.5740268264987465
1690994463.1932273,3.0497312811965234,1.9595616695441196,0.270576759469817,0.0300866281343465,0.02579821146825274,1.5736776524911773
1690994463.2121081,3.048704867792444,1.9648383383675623,0.27053787367074655,0.02840357935893752,0.025939550241964097,1.5719965344354707
1690994463.215823,3.0502039354730948,1.967884306784855,0.27034351209219243,0.030215258807355143,0.021481154617740115,1.578575929933945
1690994463.2312477,3.0493109604678694,1.9726341885861425,0.2700351939709495,0.029386594936861063,0.021821577492208113,1.5765806925819177
1690994463.242317,3.0494244507935537,1.9771491459017796,0.27073684707959417,0.032450681990072124,0.022768080273582188,1.5779238523452612
1690994463.2451947,3.0491089234401993,1.9820719445975918,0.2704021588452418,0.02834922785817888,0.0256465826718308,1.5752730656579672
1690994463.2612128,3.0489993936852966,1.9867253380513363,0.2708836433108711,0.03048757436483461,0.02547395949002116,1.5756775040201456
1690994463.2711618,3.0490934299237544,1.9914035745012937,0.27068952617915626,0.028364921570396585,0.027260591383878735,1.5739328508902273
1690994463.2734914,3.0524530635240676,1.9972287895221397,0.2639336244595969,-0.0020722337391146316,0.01436456863890135,1.595593373438869
1690994463.2811522,3.0521147986616888,2.001514456924177,0.2636899536581581,-0.00162018041632025,0.014684912886679714,1.594759112613702
1690994463.2919683,3.0522704340191567,2.0061470326305364,0.26407470616006307,-0.0016554251246717366,0.013717467555943058,1.5944127521246831
1690994463.3109047,3.053030511384575,2.01054932013474,0.2648416802461585,-0.0050309006536600085,0.01609871133957813,1.593360948977463
1690994463.3209655,3.0530744856982683,2.014879043518416,0.26523602017570874,-0.0054931290545407446,0.017419731019301964,1.592610696732391
1690994463.3312204,3.053254949273821,2.0189383596051935,0.26565344863266216,-0.0038529660281276406,0.02162927112505053,1.5973157649452006
1690994463.3410332,3.0533040470245933,2.023543629707624,0.26523832083070575,-0.004198504881229501,0.01821902537615584,1.5965921874318116
1690994463.351167,3.0524683094695835,2.028818461327367,0.26508597285796826,-0.0059885184415762426,0.018160359262751745,1.5927547752960218
1690994463.3623648,3.0530354356296385,2.0332176760452816,0.265009925616698,-0.004805131301393581,0.011557108216564117,1.597027280660677
1690994463.3715503,3.0533743894533627,2.0375562727313046,0.26503536325995347,-0.004200855317523877,0.012999944242834604,1.5981665955198243
1690994463.3810515,3.0516841553790464,2.0423889203745427,0.2643410652500568,-0.004381694852021022,0.01447816674804442,1.5961824805829143
1690994463.3908162,3.051793852944286,2.0467893132586275,0.26455475776697446,-0.003481463386804819,0.013828391642544728,1.5989828638908539
1690994463.401224,3.0518912003384466,2.051889224228136,0.264671539124722,-0.0051080464568209315,0.015050639546630091,1.5948265055078192
1690994463.4032207,3.0459480934095464,2.05717412834996,0.2706001390613028,0.02978789331119194,0.026657260144843143,1.5736178681008928
1690994463.4206235,3.046068615528538,2.0618412877318737,0.2709450498783392,0.029556895165405626,0.027772615496289874,1.5729458099504903
1690994463.423821,3.0463005435571784,2.0659064161346925,0.27189526456610313,0.029292390628468563,0.03272221900603808,1.575064373055604
1690994463.4317195,3.0465433873767993,2.069970475244069,0.2704132145845244,0.02870760975558932,0.02348803512534441,1.5769110721538402
1690994463.4414785,3.046374340977095,2.074929178586367,0.27049424306597336,0.0279155916814696,0.02297926021697954,1.575872016502775
1690994463.463251,3.0453292464694806,2.0789827079501353,0.2703431050187123,0.030755259914567325,0.025512172626110954,1.5735075658878865
1690994463.4654512,3.0451239676992765,2.08536618622156,0.27117744828505846,0.03237552617049348,0.026302867758088655,1.5731588599935782
1690994463.4807885,3.0459935814426222,2.088064995180528,0.2702371824748607,0.030158891521606116,0.021910905346398585,1.5806707656250958
1690994463.4911926,3.04594358569099,2.0926656075903236,0.2704020117272508,0.03146198188933327,0.021420520879771004,1.580322689504568
1690994463.5016034,3.0445718140556854,2.097522842852759,0.27009810025818576,0.02999346508463905,0.024801341679907097,1.5734501595663541
1690994463.511568,3.0445391161526962,2.1021731186143167,0.2703365498536804,0.031145480669143258,0.026239423505258767,1.5738291758549556
1690994463.5211809,3.049541051927885,2.1087799481134173,0.264497535586717,-0.003565995091986688,0.014239726713063105,1.5937222371575837
1690994463.5231915,3.0497495385554783,2.112967198748953,0.2650880701615009,-0.0037090181146789782,0.016142832129742258,1.5943830289180445
1690994463.5319302,3.0503982325211414,2.116554676773948,0.2651376989390463,-0.003637224224510848,0.011035412490845086,1.598053245675379
1690994463.541665,3.044847443661085,2.1223936869247075,0.2719881132854829,0.030766844254182073,0.03318712880276884,1.573223485583251
1690994463.5523918,3.0451047523770987,2.1257620241650477,0.2702471234177929,0.027871465903537524,0.021706006434718532,1.577907167608675
1690994463.5715592,3.044637152567339,2.130650699199237,0.2704801920493334,0.027066253239566077,0.025124462611806873,1.5760894513819377
1690994463.5743704,3.044048012355707,2.134743551989555,0.2702137061199779,0.028762019749369823,0.02510563607532768,1.575183177132982
1690994463.5909016,3.0481613361028295,2.141279610145116,0.2642073633101677,-0.0033920117459727912,0.014833381892223064,1.5957369537188806
1690994463.6010046,3.0479644295232915,2.14529633156618,0.26378088926132565,-0.0010203979298163061,0.013188102441448952,1.5992398067282207
1690994463.6115842,3.043033289378233,2.1499488975363734,0.2701663758726583,0.031785224679502115,0.024158251439745905,1.5759892290319855
1690994463.6213498,3.0424822177517155,2.1544312446856497,0.27042983405457555,0.03215347964407467,0.02731406797853826,1.5720414307545663
1690994463.6231077,3.0429339643156,2.1593919987977745,0.27029174633280373,0.03020650924718152,0.023826115800128216,1.5745491466967034
1690994463.6415653,3.04239338527021,2.1639714234479177,0.27009524396456985,0.03138115705659301,0.02390347118050165,1.5745096147293465
1690994463.643892,3.042497089920142,2.1680735324145024,0.27020682144846303,0.03367351722322226,0.02339048659569593,1.5776247795658411
1690994463.661013,3.042405842075983,2.173215394065685,0.27031174350369497,0.029980293410394324,0.02323886095853989,1.573270326108938
1690994463.6713672,3.0417232417726843,2.1774330084292832,0.27063173263868134,0.03272846914982459,0.02686785985458455,1.5708612452206365
1690994463.674003,3.0419357023536215,2.1825087540037016,0.27057022628217825,0.02980868379390119,0.022839075957422364,1.5726644212797871
1690994463.6916196,3.0414127591418,2.1869491122319795,0.2701135157884502,0.030528377515946916,0.021406311750660614,1.5739324839757325
1690994463.7008708,3.041043991598052,2.191576342555151,0.27015198256455925,0.030468158590126273,0.021360214159559146,1.573752747590075
1690994463.7113147,3.040568612533896,2.1958812690463674,0.2705538670324823,0.0328610014080497,0.025655803865241973,1.5716947750539723
1690994463.7132275,3.041006037537566,2.200678877224144,0.2704074957558449,0.029440529842199737,0.02114274482115394,1.574579175798763
1690994463.7213426,3.040536340942016,2.2053315565253953,0.27031508716585695,0.029911454440367417,0.021479931518622777,1.5755667646372626
1690994463.7414227,3.0406013930464897,2.209895874198189,0.2704279784608711,0.02874849991671414,0.02064774623070664,1.5750673929252965
1690994463.750952,3.03943530440064,2.2141888049000853,0.2702982687194938,0.03241030612821359,0.02465653153146255,1.5735616336885063
1690994463.7606962,3.040418772949344,2.219447755543795,0.27077576037796913,0.028222598749018266,0.022424439194441134,1.5753461274485066
1690994463.7721767,3.0399374188360504,2.223975140424747,0.27042508920835057,0.03012134199107073,0.022119847819377782,1.576529510498839
1690994463.7812064,3.0402904912919997,2.2287291401373515,0.27084451035481577,0.029157497007054917,0.0227166129557081,1.5757766673329703
1690994463.7922854,3.0402281922262095,2.233230128835699,0.27087250957458736,0.029843874573262475,0.022958775777296894,1.5758814268529315
1690994463.8012645,3.0403440241886157,2.236499840561658,0.2705439752077365,0.027976246109876462,0.02278647670961202,1.574589211250142
1690994463.811941,3.040128862588595,2.2411125358023307,0.2707708040401864,0.028253443651517083,0.023826803229334757,1.574818101066141
1690994463.8215342,3.0403906103306713,2.24547783415701,0.2709714087944399,0.029461356409356338,0.02336027807995619,1.5778669244395724
1690994463.823799,3.040598680349031,2.250986963470517,0.2710987143669334,0.025879951386882774,0.021423858151301607,1.5773279814757202
1690994463.8411272,3.0399499283777582,2.2553040463538365,0.27143731479063465,0.02859768999031686,0.02302928726136379,1.5754650408474808
1690994463.851071,3.040236678610916,2.2602465241685583,0.2708444475453329,0.023958872503907578,0.020405293499253775,1.5777835675908938
1690994463.8610206,3.0402482873973824,2.2651076521858973,0.271819235982454,0.028614725632624412,0.021020592198284605,1.5780272349494493
1690994463.8727036,3.04083167603737,2.2692324452287194,0.27245891098847724,0.03431813190068236,0.022720152892929564,1.5824099040398405
1690994463.8813448,3.0405116183571708,2.2740258645610387,0.2724084682386752,0.03500686159551867,0.022070186462014085,1.5822626762640106
1690994463.8836224,3.0404048302024553,2.278747741306508,0.27286734388117145,0.03727627048052156,0.023046097736043058,1.5828467262661718
1690994463.891874,3.040254584716216,2.283599140422861,0.2737478541655075,0.040381826032894336,0.024922348666735525,1.5829011421787726
1690994463.9109867,3.0402802068375507,2.2881777169457838,0.2739296122509042,0.04051083650660298,0.02478697801613412,1.5835378111197638
1690994463.920929,3.040042933775698,2.292574403878614,0.27406945853005155,0.04004322405130941,0.025697033332537367,1.5834318497418034
1690994463.9311554,3.0395214280745138,2.2967862076207743,0.2741531529614907,0.04243734003845256,0.028766166084545654,1.5818080884527168
1690994463.9334812,3.0395570712651074,2.3004516116514746,0.27408980916203773,0.04160003260929448,0.0291769370660232,1.586073259700554
1690994463.9416533,3.039292214296451,2.30518819308789,0.2737344676370074,0.040103053591169474,0.0259590576614155,1.5859728546867249
1690994463.9621098,3.0394205874548343,2.3107985117494354,0.2737867793079676,0.03487470153097608,0.02215017422654048,1.583666740077281
1690994463.97157,3.0380560199635487,2.3153953789473882,0.27185160401622305,0.02300687684924808,0.01921630164232062,1.5795604065952766
1690994463.9747674,3.037845223273239,2.3199882843005004,0.2717993973877091,0.022506156912042368,0.018890105990181802,1.5792921223643863
1690994463.9911058,3.0369810863267195,2.3240666571371675,0.27185477019324755,0.024233422193191356,0.021855574352183497,1.5775638131807064
1690994464.00132,3.0364578358198107,2.3302760523732986,0.2715559123026416,0.025268321778496694,0.02006743175872878,1.5785773155153857
1690994464.0109236,3.03666792515696,2.3342243540828664,0.27139687818852015,0.02603229344329149,0.019557157695955365,1.5800694991972362
1690994464.0220606,3.036178977946667,2.3397239194303823,0.2715639029889964,0.026689265169173165,0.020331659913355175,1.5779056282010369
1690994464.0313528,3.035796060316241,2.344173517174599,0.27139692563787204,0.027534993686684866,0.019762526792163247,1.578335900340506
1690994464.0406094,3.035377960042722,2.348564011458608,0.2709735373288925,0.0256578810846619,0.022812053280328103,1.5763738630484545
1690994464.0515916,3.0359096301152544,2.3535809287082716,0.2711725593862286,0.023209278445256113,0.020077060394964017,1.5784618000637227
1690994464.0551322,3.0357007352392653,2.358399293730073,0.2718006373862834,0.02650174007698132,0.020890405712655352,1.5782902046303415
1690994464.0708725,3.0356528301794516,2.3630298578692757,0.27199980053909406,0.026769836140663666,0.021804985922325784,1.5783568485913517
1690994464.0812821,3.0354054088999147,2.3677987714150177,0.27193060252823725,0.027477331078439533,0.022307163198520077,1.5781062617217738
1690994464.0831685,3.0356060092384776,2.3722290777894943,0.2720075234798994,0.02639163925821304,0.02127152226648442,1.5777388785678983
1690994464.0916727,3.0353654377056936,2.376823306976366,0.2720144030264964,0.02553680188994283,0.021836475986506756,1.5774367829707743
1690994464.1016657,3.0354245908119553,2.3812055324898265,0.2722093399319807,0.025523082868240947,0.021876287351575673,1.5777831969735974
1690994464.111619,3.0352159623114257,2.3858864175573187,0.2721896602822231,0.025488331774273582,0.023194809441607178,1.5778344929846952
1690994464.121349,3.035163729623221,2.390546263464899,0.272434160536044,0.024989376982518692,0.023790576054734322,1.5777208030702636
1690994464.1412523,3.0395946881455624,2.3952545718199354,0.26648210739373007,-0.007553899201959024,0.014001493418940093,1.6010296024220316
1690994464.1437528,3.0395113578100013,2.400306007957845,0.26656727109242984,-0.009296469807586546,0.013597695758944251,1.5980677240248067
1690994464.161365,3.0394522421518224,2.404823425127504,0.266524781080855,-0.008727640391936497,0.013970698783447394,1.598370907310032
1690994464.171028,3.0393186490625683,2.4092217218960235,0.26651605483244234,-0.00796428427324175,0.014282390552667654,1.5985987706932223
1690994464.1822443,3.0393047880747135,2.414052883422972,0.2669959171717592,-0.0038755375924729536,0.014532552022800831,1.6002252192214148
1690994464.1918578,3.038813980859914,2.4187894634400626,0.2668037044698367,-0.003760096338915354,0.01408731857689611,1.59992379096261
1690994464.2007601,3.039112202223853,2.423822957427369,0.26739445851946825,-0.001496010771225034,0.014061094052530927,1.6016120246838799
1690994464.2109885,3.0382468569961842,2.4282932106579334,0.26624408509738223,-0.00758556467917468,0.013583732740664139,1.5987239031410576
1690994464.2213225,3.0381720827290315,2.4324171539009956,0.2664372469678278,-0.006039943655260754,0.01378412920095744,1.6013850868040411
1690994464.2317636,3.037882626923595,2.436947566625311,0.2663897316931562,-0.005430744592287303,0.013444275772406148,1.601446167102161
1690994464.2414863,3.0329368631652804,2.441506999310376,0.2720662699233391,0.025196660108882784,0.020617301126636154,1.5778363174070131
1690994464.2519484,3.0323350678676633,2.445145567564539,0.2722604297387219,0.028513398863046973,0.02448354087571026,1.576351408407153
1690994464.2546895,3.032602006186071,2.449452943865607,0.27234120054324484,0.02537517858323302,0.02324484130181557,1.577241165404544
1690994464.2712457,3.0322866707811724,2.4540719616266937,0.272428873633918,0.025393389516249445,0.024143446984933772,1.5769794402585213
1690994464.2740593,3.0325676038133285,2.458346546355169,0.2730231306719081,0.02686887364775013,0.025615187182113443,1.5807162529206273
1690994464.2843473,3.0324936715864084,2.4627409344389104,0.27329956840061415,0.026327982115865924,0.025548914588076205,1.5809563668165476
1690994464.3009398,3.031718789428842,2.469334359574206,0.2724578259608205,0.02281190530926972,0.019999187998804298,1.578242096251188
1690994464.3119974,3.031663970477977,2.4738368066998584,0.2727908432863994,0.024727775876906347,0.020522362091104855,1.5786442257343798
1690994464.3208158,3.031530795071352,2.4784568846220263,0.2725581937927499,0.02453510249515781,0.020506812794195438,1.5783757326165442
1690994464.3314104,3.0314441513132313,2.4830194547977396,0.2725376735672285,0.024111823996452775,0.02040473494749955,1.5779954525808177
1690994464.3336709,3.031216945026257,2.4876551468919965,0.2726221613036596,0.02394653100445434,0.02008034431702297,1.5778726149829436
1690994464.3413677,3.031458814489099,2.4922434323210862,0.2732207037384881,0.025175587441355663,0.020324900277181323,1.5781839522284178
1690994464.3512669,3.0313512515983243,2.496809718912823,0.27355234588913574,0.025295704367602697,0.02081919122411532,1.577676661968569
1690994464.3719592,3.031099579042161,2.50158131342922,0.273547821118177,0.025699289884885033,0.020876476528495988,1.5772281265417702
1690994464.3744376,3.032537008385776,2.505451469689968,0.27510058268243714,0.033255487841312076,0.02206087684597981,1.5815660260490623
1690994464.392027,3.032809721482519,2.509850828608251,0.27524618878157875,0.03175469928161048,0.022264924934818398,1.582160633591158
1690994464.4010954,3.032986278093115,2.514245033358272,0.2758205274342187,0.03264855532693459,0.023501826250701064,1.5828817889348903
1690994464.4113092,3.032586737555855,2.5188646435105384,0.2753432353307153,0.03158320885361366,0.022859475916044605,1.5840490335337967
1690994464.4135962,3.0327930804155807,2.523105498884144,0.2756244208236218,0.030649460027816235,0.023831357026482897,1.584471738422337
1690994464.4314613,3.0330407520429454,2.526670877841571,0.2762535205292879,0.03356613996410617,0.026714278003359605,1.5908155758714762
1690994464.441442,3.0330163736436484,2.5309036123023896,0.27649803801439876,0.03179179262004481,0.02763891483914515,1.5910246505561645
1690994464.4518526,3.0354856197324485,2.5379354190813705,0.2681352032954674,-0.013083231600119014,0.016207287148552286,1.6019431607346342
1690994464.4606066,3.035689282398805,2.5416121275895236,0.2685418340215797,-0.01582328062375071,0.016678990852419806,1.6036382132498612
1690994464.4708636,3.0359919973186464,2.5450646845440312,0.2688947169605246,-0.018685632923714682,0.019115953677918834,1.6055689186457311
1690994464.4808366,3.0367394735064392,2.5464421560889714,0.2696741039690176,-0.02009068836176696,0.021973149599319956,1.6146969121995574
1690994464.4913397,3.0348467771449923,2.547817406976938,0.27872384216085244,0.013670220041911362,0.03591015636848182,1.5998067733456365
1690994464.501511,3.0350737185408927,2.550315434854391,0.27919216632760036,0.007625792089312602,0.03561945680971167,1.602319821952418
1690994464.5125034,3.0377305707247566,2.5567273582274717,0.2724966278201816,-0.036130759104372474,0.026679006951456054,1.613107454341815
1690994464.5156486,3.0390650652099076,2.557463324225725,0.27325849350887704,-0.04249611139891816,0.028779590187005957,1.61957362487242
1690994464.521443,3.0396059768984647,2.559676979670861,0.27442704628737585,-0.05020583870630211,0.03100507770483741,1.620798765879776
1690994464.5411162,3.0375621001403705,2.565149460926629,0.2738309878527612,-0.0569842939310483,0.030944051029756857,1.615167814137768
1690994464.5515835,3.037746743026522,2.567240318865892,0.27510028205598935,-0.06435956216648107,0.027466008175949786,1.6144817291771336
1690994464.5539796,3.03682222967164,2.569787054516783,0.27601932238773846,-0.06264400301422197,0.030913679975040163,1.6238432822303293
1690994464.5713797,3.0363464327240433,2.572564557493157,0.27680627945389075,-0.06861342547268044,0.029796114932998708,1.6251895313486393
1690994464.574311,3.032287822342185,2.573693031558007,0.28470823347251334,-0.045086513343704414,0.03688303558903126,1.596968140687177
1690994464.5915148,3.032703500436949,2.576401741698348,0.28718077200239034,-0.04193046415613304,0.03853485914979486,1.601152079890548
1690994464.6015275,3.0321455736245233,2.5796319557722716,0.2879429148421426,-0.0437650248441731,0.037628117627930634,1.6007201958950443
1690994464.6112628,3.035268525227054,2.5849519140143915,0.280126590268531,-0.09486914533143838,0.024466457477660117,1.6160361888688248
1690994464.6207933,3.0347897944553437,2.5880291771914252,0.2803227083316895,-0.09688462189399308,0.023651859312631494,1.617014782100043
1690994464.6232774,3.034332762920508,2.591189537135681,0.28011567810120463,-0.0987162652546195,0.022506578583311607,1.6182514001872628
1690994464.6411347,3.0337085711513585,2.593380662798411,0.280254686409706,-0.09302603292240043,0.022185194362923454,1.6281916114355435
1690994464.6506174,3.0308511566531884,2.597346092893207,0.2785414626289954,-0.0865565000686103,0.02505335784001792,1.6383138219932982
1690994464.6610932,3.0308824688804075,2.6004895177976666,0.2782978456288075,-0.08878295946252766,0.022476994609947294,1.639750366294528
1690994464.6713526,3.0328643844880956,2.6047383457032622,0.28023170910957385,-0.09889106811637041,0.026287435787053833,1.6287034378125669
1690994464.6734533,3.0325077509502614,2.608008146331176,0.28044891391822696,-0.09829806874185427,0.027269821544336693,1.6328698837754636
1690994464.693711,3.032363180929816,2.6092763990625336,0.2817652394534525,-0.09495162488306443,0.03567017402771804,1.642313132234596
1690994464.7008593,3.0322237064523554,2.6115073629729677,0.2815722126967146,-0.09739798485098308,0.0348252072763079,1.6452964087282265
1690994464.710795,3.0320092834498054,2.613673181124735,0.2817068789695664,-0.0984445285166485,0.035769593597768934,1.647753131888616
1690994464.7209976,3.031496043605212,2.6158523401816782,0.28086273122007516,-0.10267406269044907,0.03230500127499549,1.6492327144683803
1690994464.7309444,3.0315057588733283,2.618845021900382,0.2805459576043307,-0.10917428218045065,0.026980912742956557,1.6444458915914635
1690994464.7414467,3.03129422616786,2.6209515119128386,0.2808505288536681,-0.112563897941671,0.028264521829082838,1.6460914883217193
1690994464.751125,3.031034600482478,2.6229329461106623,0.28154810533624397,-0.11461454542699077,0.029166428883968726,1.6485518658067075
1690994464.7616136,3.0306306794598363,2.6250057490312915,0.28201384396754375,-0.11924384498543511,0.02699144826969894,1.6495857492361123
1690994464.771705,3.0299987561333617,2.626874482319566,0.2826345661213635,-0.12199950859098709,0.026767113116555545,1.651088506994139
1690994464.775706,3.0290504218530585,2.628949064512012,0.28259204392365644,-0.12210739873301509,0.023946624516158345,1.6553760010762326
1690994464.7909672,3.0286403706669867,2.6307231824059096,0.28305578305302226,-0.12465075296600554,0.02333094391494106,1.6563209761459003
1690994464.8015015,3.028639895472826,2.6324524546841017,0.2836347302262894,-0.12684936812527595,0.024288219160756276,1.6550443570161766
1690994464.803888,3.027863241238381,2.633178582770222,0.28442082155876564,-0.12262967399178175,0.03257382139332663,1.6630635362066102
1690994464.8207676,3.027724191775726,2.6345165264164696,0.2842979131932301,-0.1266008344033966,0.03167886426326029,1.6636898591674254
1690994464.8308532,3.0271254998730037,2.6365228764151003,0.28502581397187127,-0.1250082840823515,0.03343793398455542,1.6649102535690534
1690994464.8411977,3.026586891360144,2.638055045573024,0.28514576429410715,-0.12637316112067037,0.031043805972247648,1.6652479648835739
1690994464.8516803,3.026247322702593,2.63941988378259,0.28545161464429997,-0.125724673241566,0.03128301722044838,1.6645525486151875
1690994464.8538847,3.027164477847693,2.640905957252465,0.2853173243323056,-0.13213603076999883,0.018864592735154263,1.6544667797272956
1690994464.871055,3.0269257007240973,2.64197494833168,0.2845899012874278,-0.13788494263318832,0.007131129736347346,1.652880736826476
1690994464.8814902,3.0271440795450544,2.6416201645393578,0.2845975036126524,-0.13321859783675163,0.019818211715600945,1.6504227701929621
1690994464.891737,3.025986187843217,2.6417175764327814,0.2845590356274096,-0.12211897414549233,0.028906198383896974,1.6595378752832015
1690994464.8955743,3.026516970685437,2.6422878273715806,0.2846380110202107,-0.12593592358944894,0.02843211807614558,1.6531327338068584
1690994464.9113197,3.0265562943483237,2.641832274902835,0.28472294890843663,-0.12752156029743744,0.027082158364067955,1.651724589819717
1690994464.92084,3.0265327042340804,2.6414100032663996,0.2845637952608517,-0.12828045002950067,0.026604429720319712,1.6507943761396942
1690994464.9313617,3.0263421230785306,2.639945789961218,0.2847626580333927,-0.12511015238642836,0.028749282379500713,1.6564615049663054
1690994464.9359732,3.0264003898078538,2.639637225229002,0.28442994088530626,-0.12459297403829821,0.027876611091915887,1.6554753789519487
1690994464.9512596,3.0264776729232525,2.639378989025775,0.28391302566220217,-0.12373861618990363,0.027301219979741012,1.6548902303902866
1690994464.961216,3.0266812404874734,2.639402248067466,0.2835303426688023,-0.12372552832340826,0.025636201272811993,1.6535764730661924
1690994464.9710903,3.026812546899435,2.639509795235069,0.2835673019684539,-0.12175118609194818,0.026900316246534533,1.6535589295885373
1690994464.9807491,3.0269155213828745,2.6397921785288903,0.28363961200605126,-0.11903465899674869,0.028858222584444235,1.6533198424185926
1690994464.991175,3.026421624207328,2.639250411890586,0.28128538247390544,-0.1160975930147077,0.01717196348747385,1.6595115735901742
1690994465.0008812,3.026546360962999,2.639243186152276,0.28092048090920435,-0.11602600281537162,0.015179001571827331,1.658557665023433
1690994465.0114942,3.0263021977684734,2.63945334515548,0.28103336014370855,-0.11281287783934546,0.014844103147827666,1.659038812419477
1690994465.0209956,3.026533219151953,2.639161170866682,0.28119582156268785,-0.11248853215532299,0.01713513642742075,1.6582580305059458
1690994465.0314755,3.026662525348906,2.6388392381822126,0.2814547770829098,-0.1138129691536137,0.020467050335977365,1.6565480848733367
1690994465.0350466,3.026631806791957,2.6384907644667828,0.28148659295696765,-0.11413037356192982,0.019596530796671556,1.655639240650413
1690994465.051733,3.0263313938769714,2.6384207730509996,0.2815816745050468,-0.1138030666245378,0.020416112450523962,1.6555774354016348
1690994465.0607288,3.0262719570103327,2.638261089535014,0.2815181942326352,-0.1120384969845508,0.017909207121407734,1.6565986200496743
1690994465.0712135,3.0262533136719094,2.6382864086761058,0.28146787652793787,-0.11167814133524225,0.016182879623010266,1.6563062293831383
1690994465.086859,3.026232938076157,2.638253921135367,0.28134178278706135,-0.11059379262576531,0.015244715177092902,1.6566087105653455
1690994465.0911372,3.026342871590104,2.6381321050965356,0.2814713182141444,-0.1108210559628702,0.018588569060918495,1.6551596208543193
1690994465.0911784,3.0275627110229975,2.638057318841399,0.2830567761068271,-0.11608270252751417,0.02785200178295766,1.6478910210320463
1690994465.1106863,3.0277298500413163,2.6379642668004273,0.2829462979702796,-0.11579711734093348,0.028484997136410617,1.6467918786222355
1690994465.1214976,3.0277265664313404,2.637929900723995,0.28282031670088187,-0.11454502963446334,0.02927041764678333,1.6474263595731886
1690994465.1310115,3.0267488838500456,2.6378323634556518,0.2811174858029044,-0.11093018867579307,0.01653968426744226,1.6528762985276602
1690994465.1415174,3.02669914195763,2.6379224087461974,0.2808697463318508,-0.10911099580017772,0.012873087901177077,1.6543714512724494
1690994465.1439934,3.0267294294773133,2.637896023092584,0.28070168749120067,-0.10808740339600108,0.011405725234440897,1.6547990041774032
1690994465.1609876,3.0268363693003213,2.6376753411396336,0.28068627429877746,-0.10783142577629082,0.01362628849678887,1.6546622065273462
1690994465.1720538,3.0281810842171586,2.6383875928908203,0.2826694713389401,-0.11641724074692511,0.025777340651187256,1.6407187315572112
1690994465.1750097,3.0281433498472135,2.638191976011445,0.2824456516380723,-0.11654032542969439,0.02683246546051512,1.6397487409177967
1690994465.181329,3.0281213106454,2.638072674528373,0.2824727538985147,-0.11637431524834277,0.027054448362888443,1.6391048691432704
1690994465.2039232,3.0279062752116337,2.6383015921027546,0.2824635454646286,-0.11684589296465903,0.02469658330356792,1.6385952901400953
1690994465.2061782,3.0273286650811664,2.63851410330669,0.2823845931767277,-0.11450721446982667,0.022505023602347976,1.6409103854265392
1690994465.221569,3.0277794062901053,2.6387743319126806,0.283068149015039,-0.11529357232091432,0.023774249953800973,1.6387959688737814
1690994465.2314248,3.0279034837452654,2.6386427062861104,0.2829220324076628,-0.11574461893701686,0.024369848152976437,1.638374956235849
1690994465.2343297,3.027426136858893,2.638446584865381,0.2823519093877984,-0.11382827852331637,0.02307761769514418,1.6397082865826915
1690994465.2520697,3.0281709211417076,2.6382574797575407,0.2825076255238323,-0.11570373704671005,0.026339813775893117,1.6371705603550628
1690994465.2542675,3.028206974564396,2.6381447438557744,0.28242414647101277,-0.11559037044250443,0.026240386050510493,1.6364925005785742
1690994465.2707994,3.028368990191878,2.6382437559032965,0.2824764764077311,-0.11611808528745554,0.025789324588076947,1.6359532116437228
1690994465.2814422,3.027717283205256,2.638376020335106,0.2823039496898041,-0.11373973218032521,0.02272730816280862,1.638292604518321
1690994465.283937,3.0283516507664694,2.638535300415583,0.28314822286474955,-0.11315162946243508,0.024846621026438503,1.6369748445062593
1690994465.3012838,3.027804424884133,2.6383168840850173,0.2826429945385839,-0.11089544132407239,0.022698496988369447,1.639690024295929
1690994465.305121,3.0281895111332955,2.638260006319904,0.28258558273146733,-0.11513095251101117,0.024043470417607852,1.6358434779025863
1690994465.3212554,3.0282848800396858,2.6381327728031865,0.2824828314920766,-0.11491685380041756,0.025355684683818686,1.6359110084155086
1690994465.331653,3.028456760883685,2.6380126232105265,0.28258193635370077,-0.11297173648494281,0.02564284618121013,1.6363796071439327
1690994465.3408432,3.028380500568344,2.637919404778408,0.28241255613622396,-0.11472935160834938,0.025186995699445727,1.6360566155282346
1690994465.3514695,3.0283782373006995,2.6378975927060586,0.2824512414538218,-0.11425770177012123,0.025285178114669977,1.6357502159687736
1690994465.3550794,3.028362243069693,2.637941429567198,0.28251203267036235,-0.11404577349344737,0.024835585593642764,1.6360711358584583
1690994465.3613658,3.028390097560702,2.637888847392516,0.2826442879462516,-0.1135294078733675,0.024899777645338256,1.6360335270227258
1690994465.3710797,3.0283131131534997,2.6379475751062023,0.28245839765578534,-0.11327561519583143,0.024955086479185436,1.636272457164343
1690994465.39119,3.0285052020305647,2.63787915647371,0.2827649323258587,-0.1110947368239923,0.02584295467571598,1.637340073205006
1690994465.400763,3.028473170710678,2.6378553369871396,0.28232057805367416,-0.11351087057854835,0.02446332955609263,1.6360138360944443
1690994465.411702,3.0285497169224063,2.6377146869415324,0.2823653191723407,-0.1136465264931181,0.024500347734436878,1.6360930723210336
1690994465.4209747,3.0285071189959427,2.637629192865497,0.28226642835158094,-0.11357105892940843,0.024971598865166474,1.6354851126391001
1690994465.4233003,3.028603522852064,2.6375696345882678,0.28228282504523783,-0.11377463664585738,0.02543005900646095,1.635226284237523
1690994465.441208,3.028613822523257,2.6376092091318895,0.28263564724943846,-0.11137835909028103,0.025675548408932478,1.63599812314098
1690994465.45114,3.0284090781091497,2.637801656038204,0.2826585130106168,-0.11097234251528582,0.025577429367302743,1.6364757891985289
1690994465.4535344,3.028376149500245,2.6380413840340133,0.28255208888208777,-0.11272915796239603,0.024080694140311547,1.6353273205705643
1690994465.4611745,3.0283907791215157,2.638006742843067,0.28254578170345873,-0.11274821532992035,0.02390190061918007,1.63517789494781
1690994465.4807916,3.0279021613824706,2.6380650139519433,0.2825255217636187,-0.1101840588004557,0.025098409988899575,1.6357300167850195
1690994465.491485,3.0285260992622196,2.637699939950456,0.2823121834297,-0.11294637172160248,0.025248502695656344,1.634192755294623
1690994465.493528,3.028520428274086,2.6375303621703274,0.2821112170104175,-0.11310168230230991,0.025866220082463788,1.6337612187080202
1690994465.5009747,3.0285065682448127,2.6376216491995716,0.2821917869817134,-0.11333058762028173,0.025320769743984044,1.6335202759415917
1690994465.5212815,3.0285386864899846,2.637807732414092,0.2826389682655316,-0.11085910272811594,0.02527554733393717,1.6349768912154239
1690994465.5236251,3.028428607836753,2.6378434849172647,0.28285428894934456,-0.11035739924539134,0.028064280781134595,1.6337661438778597
1690994465.5313864,3.0285429298468682,2.6380249917125544,0.28277447636294484,-0.11226057623262445,0.024062419321926484,1.6339262775554835
1690994465.5415637,3.028742785398848,2.6378034298613744,0.2829961082389924,-0.11035729159667099,0.025581151869485504,1.6341056426575389
1690994465.5607128,3.028710851596512,2.6375958242338218,0.28256515754607114,-0.11128758664821395,0.026191100902963855,1.6337424467871102
1690994465.5712206,3.028746470254016,2.6374205719177026,0.2823956631460563,-0.11145881623354804,0.026886695069012475,1.6331688469351293
1690994465.5806875,3.0284439701091768,2.6376107997846656,0.2820201553535701,-0.11347802538715623,0.025486986890068685,1.6322062507119584
1690994465.5912135,3.0284198017329396,2.637948484501935,0.28233684794249025,-0.11254193821857258,0.025192112249559223,1.632877267903666
1690994465.6014159,3.0283274141770926,2.637394730905763,0.28323896718111835,-0.10981651313610233,0.029276670603470462,1.637823397563728
1690994465.6034327,3.028604797873051,2.6369287237761494,0.28327523145645944,-0.11400146416357268,0.0310889040338541,1.6365939507136475
1690994465.614135,3.028297638883464,2.6372320120673938,0.28304291756968286,-0.10997012883786396,0.029768447328981002,1.6374231512327981
1690994465.6308558,3.028446325015743,2.636794584048768,0.2830957612135374,-0.1072718652785668,0.0314720438339177,1.6395026464283418
1690994465.641224,3.028276528520478,2.636929466024465,0.28209432321182737,-0.11089084190505613,0.026709176580485612,1.6370349455636428
1690994465.6512172,3.0282555219652973,2.6370043923833393,0.2820433512059718,-0.11057665832343126,0.026602114909652183,1.6374079694211425
1690994465.6612291,3.0282742350747958,2.6373327412401197,0.28262836682186854,-0.11032706854379765,0.028452533143153068,1.6369854847684167
1690994465.6635275,3.028414045481789,2.637007087205212,0.28387967902217365,-0.10706211844663166,0.037793703762881735,1.6376791976506735
1690994465.671727,3.0283838779612804,2.637574025602315,0.2834755408898841,-0.10997845825494376,0.02982202545828623,1.636477380153682
1690994465.6810033,3.0282807026165908,2.637449877071342,0.28319374694179433,-0.1096362054011908,0.03112107741152383,1.6366102758297665
1690994465.7028658,3.028289338333874,2.6372460772302286,0.28271469329804816,-0.10996923210659684,0.029118372417090838,1.636450178933619
1690994465.7057962,3.028342299580065,2.6371448973052454,0.2822631753998889,-0.11061734761269196,0.027299807796280356,1.6359158318273477
1690994465.7209184,3.0282631827819544,2.6371721884133574,0.28224589535313466,-0.11011831430909072,0.027078176584011456,1.636387915182668
1690994465.724632,3.028301898937509,2.6373519727394172,0.2825553817365613,-0.11040568956265226,0.02753762563855591,1.6355691175056373
1690994465.7314649,3.028463523333274,2.6373420624394406,0.28285277789657315,-0.11027029433473073,0.027682402724553936,1.6355105534072447
1690994465.750966,3.0283307491793745,2.6374981791431846,0.2829678801167895,-0.1098989354067581,0.02829238807105506,1.6351264775011851
1690994465.7532065,3.0282605400286013,2.637387745800662,0.2828763530831098,-0.10983548349306399,0.029112789537729663,1.6352721681317288
1690994465.7725217,3.028342043554851,2.637417750679262,0.2827126888667955,-0.11023156456038191,0.028068348077023138,1.6347235519362089
1690994465.775592,3.0283930738359572,2.637407822107083,0.2826457690652671,-0.11023491684330324,0.027854253103105166,1.6347465408211739
1690994465.7922194,3.0284459703089235,2.6372766553250497,0.28301470755453667,-0.10750113215912213,0.029258950018280917,1.6362068774213967
1690994465.8012805,3.028356277817162,2.637339727348916,0.28240209379630277,-0.10992990972603921,0.02654163114673991,1.6346161172622218
1690994465.8036811,3.02844282985108,2.637218473244347,0.2826140740602009,-0.1101127800239181,0.026671657577958967,1.6339188772375857
1690994465.8212988,3.0286456441921854,2.6382450408916585,0.2823795451519232,-0.11266928216862038,0.025307956900090803,1.6284429919749872
1690994465.8317246,3.0285857876946363,2.638288958033778,0.28231225681722444,-0.11262433621202078,0.02469579967001463,1.628510483895545
1690994465.833957,3.028655616486667,2.6383452094918467,0.2823238302951118,-0.11328755670483921,0.02397976850028425,1.627911171636248
1690994465.8511665,3.028645307085503,2.6384139049463085,0.282420584096106,-0.1129539626602015,0.02349893594620074,1.628115518982285
1690994465.8610957,3.0286416850340245,2.63845565358547,0.28246219521080285,-0.11281982517389218,0.023648737000693733,1.6277118555251433
1690994465.871108,3.0287561171975264,2.638254729205713,0.2824885546004858,-0.1126266924241193,0.024623427060299508,1.6278910488508407
1690994465.8808243,3.0287850080325867,2.6380678178733072,0.2822929926868404,-0.11309414784626663,0.024467567431914035,1.6270899607514404
1690994465.8911858,3.0286888359566393,2.638044527611106,0.28215324461503544,-0.11291626963266271,0.025579203183312783,1.627276766310045
1690994465.901085,3.0287852865950673,2.638125978402819,0.2822637555039739,-0.11318195147390575,0.024905323110776426,1.627034487734372
1690994465.9111304,3.028960486303713,2.6379497089831254,0.2819878931567664,-0.11771200349162902,0.023378194079136376,1.6258838883919877
1690994465.922645,3.02871651213535,2.638429701796387,0.28257425665901115,-0.11464573343713091,0.022987524259076325,1.627555453022036
1690994465.9311862,3.0285498594548415,2.638320939041411,0.2825752860311565,-0.11427872821684142,0.027575042487492048,1.628853527807405
1690994465.9337895,3.0286001961472784,2.6372016800627534,0.2839191110267595,-0.11007758553572786,0.03960289643111767,1.6384451739029247
1690994465.9427931,3.0288785159285547,2.6390919114702838,0.2819611765539154,-0.11951864829651615,0.02361368542479522,1.6339788718902875
1690994465.9613788,3.0286592008340727,2.6389079103309205,0.28188069091211077,-0.11882993319459073,0.02865849154022129,1.6429278962484868
1690994465.9713538,3.029157874835391,2.641487525585627,0.2825625580304068,-0.12213237881136949,0.033787067729549265,1.6379404739443897
1690994465.9737303,3.0284552969188816,2.642920354794656,0.28260995232524705,-0.12793513933298742,0.024908229264239707,1.6412904406084334
1690994465.9915988,3.027854068578613,2.6456506497634975,0.2829340626358886,-0.1297806309347346,0.01973218210892634,1.6441717755237757
1690994466.0010486,3.027027403528931,2.6478441510588513,0.2828630593822629,-0.1294285207271753,0.016534681614143804,1.6482534887648952
1690994466.0107307,3.0273291288601047,2.649811265837091,0.2838115957656411,-0.1313693046640635,0.021926562133213822,1.6457177176370583
1690994466.02368,3.027269198893919,2.65141903477653,0.28397691334045644,-0.12992858550364833,0.028174799044077627,1.6458602541078569
1690994466.0309584,3.027194892915037,2.6515735850173465,0.28583514891670053,-0.120854254106314,0.04734234554586288,1.6526859724490075
1690994466.0425742,3.026422210854358,2.6529797191121376,0.2843822583246785,-0.12723163405890153,0.03526528295832114,1.6517474711578313
1690994466.05109,3.026516045440052,2.6549910180523124,0.28433619813779265,-0.13229636661819788,0.02780237515141247,1.6451647810801477
1690994466.061329,3.0260544177216064,2.6559100104272577,0.2845524034810773,-0.13259385213433925,0.02487651821140042,1.6450494672288194
1690994466.0636535,3.0260559242522445,2.6559945427011646,0.2852602574365992,-0.12762855271245704,0.034028062769617326,1.64356017199783
1690994466.0807889,3.0256314576957464,2.6562659220412184,0.28497107868318605,-0.13301305641282193,0.019039200442419784,1.6439047112420737
1690994466.0911498,3.0259484574947066,2.655560241319214,0.2849499156076456,-0.13213816093913805,0.02411888574214209,1.6435790090905797
1690994466.100647,3.0256408982582204,2.6552253813704803,0.2847473236223407,-0.13157815643710716,0.02550711699466358,1.6421291104493845
1690994466.1124597,3.026221768073835,2.6543474647888163,0.2851527222250866,-0.12847754969528014,0.03255931936711552,1.642233216070097
1690994466.1209273,3.026235332518608,2.65349841399902,0.2844428149132029,-0.1422691173200877,0.010420750253557709,1.6389452939833544
1690994466.1246545,3.026296255264199,2.6534220263374126,0.2843368530279289,-0.1443501881293673,0.005225309303500338,1.6391689449936069
1690994466.1314902,3.0266260068673256,2.6534489335221147,0.2844216229926076,-0.14563625627366744,-5.335592332841686e-06,1.639261592148169
1690994466.1505299,3.0268405052103304,2.653265221543846,0.28355549516128986,-0.15156447892311795,-0.007058233898632089,1.6382063894980519
1690994466.1611238,3.0263163527835917,2.6530301609432336,0.28134465598691644,-0.14998020472844883,-0.025245614003262955,1.6424987348111348
1690994466.171301,3.0267815128536575,2.654067806298543,0.27907372504107364,-0.15430954466865565,-0.05408488108705579,1.6430548789396702
1690994466.1808724,3.026764164583361,2.6535555976452314,0.27921689349386325,-0.14905440341166074,-0.04361044520794241,1.6430631800526136
1690994466.1915736,3.0267659701159,2.653425953883897,0.27978460595322224,-0.14421748781780375,-0.03180547241129493,1.6424140118353532
1690994466.2007308,3.0269624988370976,2.6531806304186913,0.28050167519263625,-0.1407675271956443,-0.02735509474704934,1.6431436667190726
1690994466.210753,3.0268877377413275,2.6535475871440757,0.2789969965601596,-0.1505721423047228,-0.050250817079076915,1.641036670086988
1690994466.2209218,3.0269156136106634,2.6537283204276836,0.27881545996903,-0.1547956805603419,-0.060073679575157135,1.6403631785708925
1690994466.226714,3.0252921777952335,2.653353966999458,0.27467809892318484,-0.1567009926485441,-0.09508663588746882,1.6491286498275632
1690994466.2409062,3.025225223025966,2.652957762008817,0.27523703282566425,-0.15418174674790772,-0.08539244746483277,1.6481083442704587
1690994466.2511902,3.025363908098273,2.6523706917425103,0.27602043848396457,-0.1512933808100929,-0.07454253770853382,1.6470816584788035
1690994466.2533994,3.0282003242225306,2.650527160095068,0.2774935329868434,-0.16275792071260473,-0.07003753979535544,1.636578540872152
1690994466.2719684,3.0277380426186964,2.6495984604388676,0.27629084018141487,-0.17223675462932148,-0.07519375617087838,1.6278925895971157
1690994466.2742515,3.027345463761641,2.6495467270608914,0.27551267123082507,-0.17092763246740197,-0.0789171614337496,1.6293960672361738
1690994466.2908514,3.028099121803451,2.6499801024486755,0.27663767044636245,-0.17444658568668311,-0.0769425111613786,1.625841088232585
1690994466.3007097,3.0281564210093683,2.650185222727116,0.27668321770016385,-0.1743833351356866,-0.07725803582273223,1.6245280226085002
1690994466.302842,3.028248775364526,2.649990424924758,0.27662045372375793,-0.1738752567809076,-0.07769315149176084,1.62494432378056
1690994466.3210242,3.0282796579332154,2.6499451965823666,0.27672776286632017,-0.1724640764786126,-0.07544553019742689,1.6238865208803646
1690994466.3326812,3.028072233723534,2.649536589572686,0.27608875623208323,-0.17207862669108237,-0.07756609584227368,1.6251845822904603
1690994466.3411176,3.0280751348302664,2.6492471313443984,0.27599433884348773,-0.17104700408340945,-0.07615565973244134,1.624862641760792
1690994466.3514552,3.028038341129667,2.649182446734262,0.2759379663585313,-0.17199416753161803,-0.07759754980170079,1.6248584078487924
1690994466.3613353,3.02799202122912,2.6490108346047334,0.2759371750690936,-0.17103249316504188,-0.07728769095684819,1.624936286839566
1690994466.3636851,3.0295487799191876,2.648585358244417,0.27684999538134625,-0.1743429376623964,-0.07548291127171895,1.6220973363150966
1690994466.3805792,3.028234822253253,2.6487175274712342,0.27658444193008164,-0.17160985263112116,-0.0720869112986028,1.6223263216809805
1690994466.3914073,3.0282386316205594,2.648657063858081,0.2767865725251537,-0.1717092162525088,-0.0709491812126132,1.6215139546988337
1690994466.401549,3.028268385358096,2.6489007526780797,0.276351425025093,-0.17432797879142203,-0.07802731810490028,1.6229543261654567
1690994466.411273,3.028025090888371,2.6486831809462976,0.275976082333419,-0.17374331005607496,-0.07749949591126477,1.6248911430453117
1690994466.413608,3.0282432476110692,2.648788146875917,0.275853767298265,-0.17622358357496834,-0.07821781150402221,1.6263198164625035
1690994466.421505,3.028082786705245,2.6493062942747794,0.2761443859271891,-0.17631600406781517,-0.07558897604725143,1.6283083166700545
1690994466.4417393,3.0280313884066747,2.6502549739216863,0.2761330515969183,-0.1786395572577122,-0.07706115265819746,1.630950946055841
1690994466.4441078,3.02800530340207,2.6515378481495953,0.2765655954098152,-0.18072287621086372,-0.07645118661945036,1.6322209175238178
1690994466.4512234,3.0280419387262483,2.6530327780091794,0.2769252864194162,-0.18422465419773534,-0.07730966422298759,1.6328626216113964
1690994466.471109,3.027900758409214,2.654514498780327,0.2773239429076537,-0.18566723595350462,-0.07694385460715829,1.6340115276661211
1690994466.4810169,3.0274267288762684,2.6560675592591805,0.27755085785564493,-0.1867293465916805,-0.07645379454075328,1.634453196741331
1690994466.4910774,3.026967371669144,2.6571921718176283,0.27780604947479687,-0.18532099357038484,-0.07398991840253706,1.636066812541418
1690994466.5008683,3.026566822927067,2.6585288822624205,0.27792502255914703,-0.18585665497107928,-0.07215915029206717,1.6361260861380977
1690994466.5120049,3.026250931670376,2.6596572996644725,0.2783974877934881,-0.18720975022412756,-0.07073783873585011,1.6357972032112431
1690994466.5221245,3.0260796366579092,2.6611461440547166,0.27852716308171566,-0.19181269268468917,-0.07387439088697874,1.6356454963677176
1690994466.5246956,3.025913196681755,2.6624866023604126,0.2788461641810426,-0.1972748662325098,-0.0777966909518088,1.6359185182279774
1690994466.5407865,3.02534386037644,2.6637294604972386,0.27930917844869235,-0.2000177844494089,-0.07756614023328254,1.636284338767874
1690994466.5512059,3.024471885694945,2.664364204100792,0.27859745963002996,-0.1995497783156714,-0.0818298983337084,1.6407298537292678
1690994466.5613174,3.0245550182370304,2.6659306200769923,0.28028489319504096,-0.20421939879127976,-0.0743288812200184,1.6362203262596753
1690994466.5708969,3.0238311785667076,2.6672256603616686,0.28036993350143563,-0.20551825120839728,-0.07391818548261495,1.637145329511017
1690994466.5808635,3.02332041075764,2.6687243347514027,0.2808276881953418,-0.20564885800307858,-0.07399443681738158,1.6382800864735938
1690994466.5914094,3.0228018103288967,2.6707515865853027,0.28131906266251233,-0.20835309752870884,-0.07650178032059944,1.6386257385683134
1690994466.6012568,3.022592914029638,2.6726397189100495,0.28190009254854537,-0.21093904086106513,-0.07789424281137718,1.639075851801796
1690994466.6113641,3.0223174684370253,2.6743218616652014,0.28235220757625173,-0.21191124885313095,-0.07775300330855614,1.6396863155578418
1690994466.6206262,3.02171625494665,2.67566424697245,0.28231236134423654,-0.21176886213278293,-0.07730778164908342,1.6413353909008404
1690994466.6308558,3.021366382583292,2.6771486454807403,0.28244565463832405,-0.21282400409344654,-0.07552080331387159,1.6409873786510047
1690994466.6419582,3.020687795905086,2.6782452078108507,0.28197944241180556,-0.21180358306639724,-0.07627053443520145,1.6421393194667635
1690994466.644741,3.02020078223649,2.679724791336551,0.2820794409415941,-0.21016750169112017,-0.07568317218358993,1.6408532336852857
1690994466.6610417,3.0201175334001813,2.6812102987983617,0.28217745747087036,-0.2098949799451268,-0.07842547734255151,1.6389700399372005
1690994466.6710577,3.019838201301083,2.682499863519518,0.28233650235316965,-0.2072606700233918,-0.0792351876797695,1.6377632792497716
1690994466.6810758,3.0202210767718425,2.6832429265610527,0.2828814155002121,-0.20578275325910422,-0.07820156126117463,1.6353327917251164
1690994466.6915777,3.020177050963607,2.683295137935724,0.28228486663005103,-0.20307112445455988,-0.07847374164969151,1.6371951985223687
1690994466.7007842,3.019834073802953,2.6828685319397043,0.2806189984753541,-0.20123748428054833,-0.08353597568680812,1.6400060247902637
1690994466.7111814,3.020398671816597,2.682493045076486,0.28141426716463547,-0.20187203508126747,-0.07722230870424587,1.6368616389985777
1690994466.7211776,3.020536389012494,2.6822087583831986,0.281088059185553,-0.20334596252615025,-0.07870237474203812,1.6354016888140244
1690994466.7242918,3.02070837232181,2.681884003312722,0.28106869425180936,-0.20388028864270805,-0.07923571227975848,1.6344896597046785
1690994466.7429476,3.0208371947821395,2.681785445168658,0.28124179267189164,-0.20331856190972444,-0.0785504950741157,1.6329594118151172
1690994466.751712,3.0211883062654206,2.6817278386240386,0.28143643347810865,-0.20352148285299324,-0.07944174095801079,1.6323219864208178
1690994466.7542176,3.0211506998526705,2.681790720286113,0.28141340312336993,-0.2026269798723051,-0.0786109721153707,1.6318214588569275
1690994466.7720864,3.0211935643629695,2.6817761647194227,0.28116844519519113,-0.2023925037239008,-0.07816310044565225,1.6319225318044799
1690994466.7808785,3.02154527166166,2.681783820567593,0.2812724738289419,-0.2010701137243395,-0.07668719182573047,1.631069558770906
1690994466.782709,3.021649007268967,2.681838673321613,0.28081694044871525,-0.2015419893677173,-0.07808754582041263,1.630488400845142
1690994466.801166,3.0219068534851377,2.681670527670158,0.2808172501835939,-0.19929388138159676,-0.07586564027522408,1.630110591497276
1690994466.8120987,3.0219471196197176,2.6815566253507663,0.28063090008248176,-0.19798472669171732,-0.07465107023041566,1.6295003363837393
1690994466.8217893,3.0220915668744848,2.681334736255402,0.28067343905600267,-0.19667025634720567,-0.07319929951545116,1.629676888551057
1690994466.8348045,3.0222830379227346,2.6814063994175634,0.2808029190154458,-0.19684859417745984,-0.07280973024366091,1.628250458705189
1690994466.8442996,3.0223774505835443,2.6813143075767143,0.2805086717732162,-0.19714488403494634,-0.07458318247499866,1.6286150644957205
1690994466.8514624,3.02254389502085,2.6813244726340706,0.2805967697354809,-0.19717959975404203,-0.07461695909798598,1.6272771149948608
1690994466.8618824,3.022855723592325,2.681233741812212,0.2806122854341702,-0.19870735255411792,-0.07662343756684614,1.6267124480336557
1690994466.8638632,3.022853993271683,2.680767947752948,0.28110085703029264,-0.1961951737985584,-0.06846404541820003,1.6243281516817927
1690994466.8711107,3.022602735350478,2.6807971306974583,0.28051052246077546,-0.19646120771322,-0.07428680272474947,1.6259805647357612
1690994466.8811412,3.0222782067245326,2.680568253503291,0.2802888147048528,-0.19414647937607044,-0.07259463277561676,1.626146815378903
1690994466.9006946,3.022440690269635,2.6807070198992253,0.2802957555982204,-0.19641923798520847,-0.07387298882230603,1.625297222155333
1690994466.91141,3.0223417529197105,2.680951221891593,0.280582407650608,-0.19733059228069152,-0.07330195515801091,1.624891670059015
1690994466.9216254,3.022662968116705,2.6813622288967793,0.28043197255267127,-0.20126783332225495,-0.07688677856432634,1.6261989176054228
1690994466.9238203,3.022905145655391,2.6817886215817577,0.28085018609454426,-0.20230634288039057,-0.07502606764576515,1.6268774842600946
1690994466.940765,3.0219806672234437,2.6820253081093757,0.2798660132024886,-0.1991735988114553,-0.0766853867063001,1.63147578564598
1690994466.951028,3.0222012067305193,2.6830666542760575,0.2808247282979675,-0.20326447901295047,-0.07147643760800554,1.6284130805099235
1690994466.9613464,3.021453794845925,2.6842518158238358,0.28041721267435415,-0.20453062667019972,-0.07276918120379475,1.629686689423097
1690994466.9637623,3.02147214385948,2.6862570863084425,0.2809873196041814,-0.20967990100699851,-0.07291175603867586,1.6276324735359402
1690994466.9714983,3.0208738448176966,2.6896791599362744,0.281315875816022,-0.20911945252526604,-0.07372661309818837,1.6227622223408023
1690994466.9909952,3.020562973458338,2.691902011433613,0.28178423519380214,-0.2111448862215292,-0.07455774596627646,1.6220234660292847
1690994466.9999976,3.020150168180464,2.6938801132398695,0.28222995444005483,-0.21054463485679115,-0.07176664844680188,1.6204244811187727
